ID;Startzentrum_X;Startzentrum_Y;Startzentrum_Z;Austritt_s;Linsenkontakt_s;Metallkontakt_s;Kontakt_Safranstapel_s;Ruhezustand_s;Innerhalb_Schale;Endgeschwindigkeit
saffron-0001;-0.11763;5.67070;0.03944;0.37777777777777777;0.6277777777777778;;2.1333333333333333;4.411111111111111;true;0
saffron-0002;-0.08291;5.76817;0.02666;0.3944444444444445;0.6333333333333333;;2.305555555555556;4.572222222222222;true;0
saffron-0003;-0.05241;5.81129;-0.01823;0.4166666666666667;;;2.3111111111111113;4.661111111111111;true;0
saffron-0004;-0.16995;5.65088;0.14518;0.3666666666666667;0.5611111111111111;3.5722222222222224;2.2944444444444447;4.827777777777778;true;0
saffron-0005;0.04556;5.79903;0.00602;0.37777777777777777;;4.538888888888889;2.1833333333333336;5.033333333333333;true;0
saffron-0006;-0.22391;5.61664;0.04690;0.3944444444444445;;2.0833333333333335;2.077777777777778;3.177777777777778;true;0
saffron-0007;-0.01446;5.81184;-0.14058;0.4;;2.011111111111111;2.15;3.2111111111111112;true;0
saffron-0008;-0.12154;5.76024;0.16681;0.38333333333333336;0.5388888888888889;2.677777777777778;2.4333333333333336;3.95;true;0
saffron-0009;-0.16675;5.74703;-0.05052;0.3944444444444445;;3.966666666666667;2.188888888888889;4.622222222222223;true;0
saffron-0010;-0.13963;5.72934;0.17962;0.37222222222222223;0.5166666666666667;2.5055555555555555;2.5833333333333335;3.3111111111111113;true;0
saffron-0011;-0.22592;5.59216;0.11484;0.3666666666666667;;2.0833333333333335;2.066666666666667;3.0944444444444446;true;0
saffron-0012;-0.03197;5.90714;0.00233;0.4444444444444445;;3.0833333333333335;2.216666666666667;4.4;true;0
saffron-0013;-0.04855;5.81763;0.03209;0.37777777777777777;;4.0055555555555555;2.2444444444444445;4.733333333333333;true;0
saffron-0014;-0.15385;5.62581;0.01809;0.37222222222222223;0.5166666666666667;;2.1277777777777778;4.683333333333334;true;0
saffron-0015;-0.16129;5.67458;0.17389;0.37222222222222223;0.5777777777777778;2.272222222222222;5.427777777777778;2.9722222222222223;true;0
saffron-0016;-0.16055;5.66911;-0.08575;0.3611111111111111;;2.2666666666666666;1.9611111111111112;3.5833333333333335;true;0
saffron-0017;-0.12408;5.65615;-0.12883;0.35555555555555557;;2.0166666666666666;2.0055555555555555;3.3722222222222222;true;0
saffron-0018;-0.02349;5.88689;-0.12225;0.4222222222222222;;3.8944444444444444;2.077777777777778;4.655555555555556;true;0
saffron-0019;0.04289;5.76277;-0.06237;0.37777777777777777;;2.1555555555555554;2.1833333333333336;3.1333333333333333;true;0
saffron-0020;-0.19743;5.60272;0.03877;0.3611111111111111;;3.7444444444444445;2.066666666666667;4.5888888888888895;true;0
saffron-0021;0.01876;5.79922;0.16011;0.35000000000000003;0.5222222222222223;;2.2111111111111112;5.238888888888889;true;0
saffron-0022;-0.04244;5.75864;0.00061;0.38333333333333336;;;2.316666666666667;4.527777777777778;true;0
saffron-0023;-0.02290;5.87911;-0.04413;0.4166666666666667;;2.1722222222222225;2.15;3.35;true;0
saffron-0024;-0.03650;5.78229;-0.00719;0.37777777777777777;;4.4;2.2944444444444447;5.222222222222222;true;0
saffron-0025;-0.06091;5.66095;0.12274;0.32222222222222224;0.4777777777777778;4.683333333333334;2.166666666666667;4.966666666666667;true;0
saffron-0026;-0.19257;5.54349;0.08497;0.3666666666666667;;2.011111111111111;2.066666666666667;3.0833333333333335;true;0
saffron-0027;-0.18249;5.66359;0.01453;0.37777777777777777;;;2.1166666666666667;4.55;true;0
saffron-0028;-0.11419;5.60770;-0.04582;0.34444444444444444;;;2.0722222222222224;4.3;true;0
saffron-0029;-0.14686;5.68198;0.06309;0.35000000000000003;0.5222222222222223;4.061111111111111;2.138888888888889;4.7;true;0
saffron-0030;-0.15899;5.52437;-0.08779;0.31666666666666665;;1.8444444444444446;1.9611111111111112;2.938888888888889;true;0
saffron-0031;-0.18040;5.54731;-0.03920;0.35555555555555557;;1.9277777777777778;1.9500000000000002;3.577777777777778;true;0
saffron-0032;-0.02392;5.90459;0.02351;0.4222222222222222;;2.15;2.1944444444444446;2.816666666666667;true;0
saffron-0033;-0.24948;5.60465;-0.16271;0.3888888888888889;;2.9333333333333336;1.9722222222222223;4.622222222222223;true;0
saffron-0034;-0.04030;5.76393;-0.09773;0.38333333333333336;;4.3;2.0500000000000003;4.455555555555556;true;0
saffron-0035;-0.08758;5.69073;0.05707;0.3666666666666667;0.5111111111111112;3.6277777777777778;2.2055555555555557;4.566666666666666;true;0
saffron-0036;-0.13535;5.58345;-0.01978;0.34444444444444444;;;2.0388888888888888;4.294444444444444;true;0
saffron-0037;-0.16119;5.66949;0.18302;0.3888888888888889;0.5222222222222223;2.1833333333333336;2.6166666666666667;2.8944444444444444;true;0
saffron-0038;-0.15684;5.69201;0.00501;0.41111111111111115;;;2.25;4.5888888888888895;true;0
saffron-0039;-0.17750;5.52851;0.11605;0.3388888888888889;;2.0055555555555555;2.95;2.9444444444444446;true;0
saffron-0040;-0.16568;5.66203;-0.18231;0.35555555555555557;;1.9055555555555557;1.9666666666666668;2.5944444444444446;true;0
saffron-0041;-0.04833;5.65910;-0.11441;0.35000000000000003;;4.455555555555556;2.138888888888889;5.366666666666667;true;0
saffron-0042;-0.02338;5.68077;0.18753;0.3277777777777778;0.4777777777777778;2.4222222222222225;2.4333333333333336;3.5611111111111113;true;0
saffron-0043;0.02563;5.71012;0.10871;0.31666666666666665;0.5055555555555555;3.861111111111111;2.238888888888889;4.594444444444445;true;0
saffron-0044;-0.16482;5.65181;-0.07163;0.3666666666666667;;4.655555555555556;2.1166666666666667;4.705555555555556;true;0
saffron-0045;-0.01699;5.67993;-0.07883;0.3277777777777778;;;2.177777777777778;4.738888888888889;true;0
saffron-0046;-0.28006;5.61319;-0.12010;0.40555555555555556;;;2.0833333333333335;4.65;true;0
saffron-0047;-0.23375;5.56778;-0.11063;0.3944444444444445;;2.5833333333333335;1.9500000000000002;3.638888888888889;true;0
saffron-0048;-0.04074;5.88122;0.03555;0.43333333333333335;;2.2;2.1944444444444446;4.283333333333333;true;0
saffron-0049;-0.11432;5.75900;-0.14636;0.37777777777777777;;1.988888888888889;2;2.8333333333333335;true;0
saffron-0050;-0.11363;5.80167;-0.09995;0.4222222222222222;;;2.327777777777778;4.583333333333334;true;0
saffron-0051;0.03449;5.73761;0.08605;0.3388888888888889;0.5;2.2;2.327777777777778;3.1944444444444446;true;0
saffron-0052;-0.03913;5.72134;0.05207;0.33333333333333337;0.6722222222222223;3.788888888888889;2.2222222222222223;4.638888888888889;true;0
saffron-0053;-0.08583;5.73776;-0.14130;0.37222222222222223;;2.0055555555555555;2;4.277777777777778;true;0
saffron-0054;-0.08811;5.63780;-0.16938;0.3055555555555556;;1.8166666666666667;2.0055555555555555;2.7;true;0
saffron-0055;-0.03247;5.72848;0.15520;0.3611111111111111;0.48888888888888893;2.566666666666667;2.35;3.3722222222222222;true;0
saffron-0056;-0.05451;5.77647;-0.06109;0.3944444444444445;;;2.327777777777778;4.455555555555556;true;0
saffron-0057;-0.05795;5.71559;-0.02102;0.35555555555555557;;2.088888888888889;2.0944444444444446;3.4944444444444445;true;0
saffron-0058;-0.06988;5.76108;0.11471;0.3611111111111111;0.5611111111111111;3.8444444444444446;2.2444444444444445;4.944444444444445;true;0
saffron-0059;0.01648;5.80902;-0.17622;0.3666666666666667;;1.9055555555555557;1.988888888888889;3.022222222222222;true;0
saffron-0060;-0.12561;5.66694;0.11996;0.34444444444444444;0.5111111111111112;3.1944444444444446;2.2944444444444447;4.594444444444445;true;0
saffron-0061;-0.08815;5.79807;0.19440;0.3888888888888889;0.5388888888888889;2.3444444444444446;2.9333333333333336;3.8944444444444444;true;0
saffron-0062;-0.14860;5.61201;0.17977;0.3388888888888889;0.5444444444444445;2.033333333333333;2.95;3.3111111111111113;true;0
saffron-0063;0.03995;5.73796;0.12654;0.3388888888888889;0.5;2.188888888888889;2.2111111111111112;4.577777777777778;true;0
saffron-0064;-0.05954;5.81388;-0.05744;0.4388888888888889;;;2.283333333333333;4.6722222222222225;true;0
saffron-0065;-0.14305;5.76401;-0.14470;0.38333333333333336;;2.9055555555555554;1.988888888888889;4.522222222222222;true;0
saffron-0066;-0.14779;5.75371;-0.07869;0.3944444444444445;;3.438888888888889;2.15;5.138888888888889;true;0
saffron-0067;-0.19442;5.62541;0.10991;0.37222222222222223;0.5555555555555556;3.405555555555556;2.1222222222222222;4.65;true;0
saffron-0068;-0.08772;5.76958;-0.04199;0.37777777777777777;;3.3666666666666667;2.161111111111111;4.388888888888889;true;0
saffron-0069;-0.15908;5.57463;-0.03634;0.3277777777777778;;2;2;3.3777777777777778;true;0
saffron-0070;-0.04141;5.84871;-0.01039;0.4388888888888889;;4.522222222222222;2.2777777777777777;4.627777777777778;true;0
saffron-0071;-0.14345;5.58708;0.00427;0.3388888888888889;;3.95;2.0833333333333335;4.461111111111111;true;0
saffron-0072;-0.19740;5.65995;-0.16576;0.3888888888888889;;1.9722222222222223;1.9666666666666668;2.7666666666666666;true;0
saffron-0073;-0.71296;6.12854;0.13915;0.9888888888888889;;;2.7666666666666666;4.961111111111111;true;0
saffron-0074;-0.24349;6.05525;0.13383;0.6888888888888889;;;2.4444444444444446;4.761111111111111;true;0
saffron-0075;-0.99125;6.13677;-0.16467;1.0166666666666666;;;2.816666666666667;4.738888888888889;true;0
saffron-0076;-0.45429;5.88323;-0.07164;0.8611111111111112;;;2.816666666666667;4.8500000000000005;true;0
saffron-0077;-0.44534;6.25996;0.25232;1.1055555555555556;;;2.738888888888889;5.122222222222223;true;0
saffron-0078;-0.48666;6.24057;0.23086;1;;;2.677777777777778;5.016666666666667;true;0
saffron-0079;-0.29122;6.09476;0.06185;0.7722222222222223;;;2.638888888888889;5.388888888888889;true;0
saffron-0080;-1.14899;6.24810;-0.07509;1.238888888888889;;;2.8222222222222224;5.477777777777778;true;0
saffron-0081;-0.69719;6.69685;0.04486;1.7;;;3.4333333333333336;5.161111111111111;true;0
saffron-0082;-1.02244;6.50316;-0.07625;1.6166666666666667;;6.455555555555556;3.011111111111111;6.65;true;0
saffron-0083;-0.55705;6.37290;-0.15941;1.238888888888889;;;3.111111111111111;5.055555555555555;true;0
saffron-0084;-0.92547;6.00301;0.10153;0.6722222222222223;;;2.538888888888889;4.783333333333333;true;0
saffron-0085;-0.42016;5.93518;0.18165;0.8166666666666667;;;2.75;5.094444444444445;true;0
saffron-0086;-0.65364;6.15941;-0.03790;1.0833333333333335;;;2.9833333333333334;4.972222222222222;true;0
saffron-0087;-0.50022;6.06492;0.01657;0.9611111111111111;;;2.927777777777778;4.9;true;0
saffron-0088;-0.46825;6.10397;-0.26725;0.8166666666666667;;;2.555555555555556;5.122222222222223;true;0
saffron-0089;-0.96420;6.56401;-0.14938;1.7277777777777779;;;3.316666666666667;5.933333333333334;true;0
saffron-0090;-0.90452;6.15475;-0.05669;1.0833333333333335;;;2.816666666666667;5;true;0
saffron-0091;-0.76629;6.69602;-0.12890;1.6666666666666667;;;3.35;5.211111111111111;true;0
saffron-0092;-0.26447;6.17963;0.07345;0.9444444444444445;;;2.6944444444444446;4.8388888888888895;true;0
saffron-0093;-0.76145;6.33993;0.08418;1.3722222222222222;;;3.2944444444444447;5.183333333333334;true;0
saffron-0094;-0.83449;6.36841;0.13960;1.3833333333333333;;;3.1611111111111114;5.833333333333334;true;0
saffron-0095;-1.13283;6.30509;0.13801;1.838888888888889;;;3.3333333333333335;6.538888888888889;true;0
saffron-0096;-0.68958;6.16178;-0.20790;1.1111111111111112;;;3.0944444444444446;5.038888888888889;true;0
saffron-0097;-0.45354;6.27725;-0.03395;1.1722222222222223;;;3.0444444444444447;4.938888888888889;true;0
saffron-0098;-0.79992;5.96591;-0.27068;0.5777777777777778;;3.2444444444444445;2.138888888888889;4.288888888888889;true;0
saffron-0099;-0.69352;5.95046;-0.15124;0.7000000000000001;;;2.5166666666666666;4.683333333333334;true;0
saffron-0100;-0.97951;6.37057;0.17091;1.3055555555555556;;;3.1166666666666667;6.094444444444445;true;0
saffron-0101;-0.63348;5.86525;0.19297;0.4388888888888889;;2.361111111111111;2.166666666666667;3.077777777777778;true;0
saffron-0102;-0.39473;6.13117;0.00161;1.0222222222222224;;;2.9;4.877777777777778;true;0
saffron-0103;-0.57804;6.23790;0.04428;1.1833333333333333;;;3.0944444444444446;5.138888888888889;true;0
saffron-0104;-0.61175;6.65089;-0.01785;1.527777777777778;;;3.216666666666667;5.15;true;0
saffron-0105;-0.79246;6.47290;-0.25400;1.2;;;2.7777777777777777;5.566666666666667;true;0
saffron-0106;-0.77700;6.21112;-0.01916;1.1777777777777778;;;3.1277777777777778;5.072222222222223;true;0
saffron-0107;-0.54045;6.12530;0.14909;1.088888888888889;;;2.927777777777778;4.894444444444445;true;0
saffron-0108;-0.73051;5.98747;-0.03338;0.8222222222222223;;;2.538888888888889;5.027777777777778;true;0
saffron-0109;-0.95640;6.12253;-0.12422;0.7722222222222223;;;2.338888888888889;5.083333333333334;true;0
saffron-0110;-0.73108;6.76177;-0.04258;1.7222222222222223;;;3.5944444444444446;5.155555555555556;true;0
saffron-0111;-0.43268;5.96697;0.24348;0.6444444444444445;;2.4833333333333334;2.488888888888889;3.6277777777777778;true;0
saffron-0112;-0.67414;6.32103;-0.25976;1.088888888888889;;;2.8333333333333335;5.705555555555556;true;0
saffron-0113;-0.68998;6.35969;0.13631;1.4333333333333333;;;3.261111111111111;5.416666666666667;true;0
saffron-0114;-0.68366;6.14744;-0.25609;0.6611111111111111;;3.022222222222222;2.1555555555555554;4.577777777777778;true;0
saffron-0115;-0.57394;6.42031;-0.20257;1.2555555555555555;;;2.927777777777778;5.272222222222222;true;0
saffron-0116;-1.17939;6.27287;0.10122;1.6055555555555556;;4.988888888888889;3.0444444444444447;6.405555555555556;true;0
saffron-0117;-0.51394;6.05109;-0.14843;0.9388888888888889;;;2.6611111111111114;5.355555555555556;true;0
saffron-0118;-0.84721;5.95376;0.20108;0.5277777777777778;0.75;2.988888888888889;2.361111111111111;4.488888888888889;true;0
saffron-0119;-0.40498;5.94407;-0.16765;0.6833333333333333;;;2.316666666666667;4.711111111111111;true;0
saffron-0120;-1.07356;6.24869;0.19218;1.1500000000000001;;;2.6722222222222225;5.177777777777778;true;0
saffron-0121;-0.94099;6.57203;-0.17428;1.6611111111111112;;;3.4111111111111114;7.0888888888888895;true;0
saffron-0122;-0.91599;6.55037;-0.19262;1.5222222222222224;;;3.2111111111111112;6.083333333333334;true;0
saffron-0123;-0.74743;6.55990;0.12689;1.6166666666666667;;;3.2111111111111112;5.222222222222222;true;0
saffron-0124;-1.08667;6.16215;0.27359;0.9777777777777779;;2.577777777777778;2.5833333333333335;4.177777777777778;true;0
saffron-0125;-1.13938;6.23927;0.20138;1.1833333333333333;;4.6000000000000005;2.6555555555555554;5.2555555555555555;true;0
saffron-0126;-0.55915;6.57174;-0.13147;1.4444444444444444;;;3.055555555555556;5.272222222222222;true;0
saffron-0127;-0.60306;5.84013;0.25776;0.4444444444444445;;2.3111111111111113;2.288888888888889;3.7055555555555557;true;0
saffron-0128;-0.44441;5.84609;-0.20750;0.55;;;2.305555555555556;4.4944444444444445;true;0
saffron-0129;-1.07867;6.13571;-0.16967;0.9944444444444445;;;2.7;4.733333333333333;true;0
saffron-0130;-0.52983;5.75342;-0.18580;0.5222222222222223;;3.577777777777778;2.261111111111111;4.583333333333334;true;0
saffron-0131;-0.68167;5.82017;-0.05818;0.4388888888888889;;4.822222222222222;2.2111111111111112;5.0888888888888895;true;0
saffron-0132;-0.55588;5.69251;-0.00987;0.43333333333333335;;;2.2;4.816666666666666;true;0
saffron-0133;-0.63932;5.97233;-0.27099;0.8444444444444444;;;2.666666666666667;4.911111111111111;true;0
saffron-0134;-0.85604;6.06852;0.18084;0.6833333333333333;;;2.511111111111111;4.95;true;0
saffron-0135;-0.35159;6.15744;0.03575;1.0555555555555556;;;2.9555555555555557;5.1000000000000005;true;0
saffron-0136;-0.91643;6.19412;-0.01236;1.088888888888889;;;2.861111111111111;5.25;true;0
saffron-0137;-0.75367;5.96154;0.02070;0.638888888888889;;;2.3111111111111113;4.738888888888889;true;0
saffron-0138;-0.66847;6.06941;0.16996;0.9611111111111111;;;2.8777777777777778;5.333333333333334;true;0
saffron-0139;-0.53571;5.78255;0.08472;0.5833333333333334;;;2.4;4.7444444444444445;true;0
saffron-0140;-0.32908;6.24783;-0.10300;0.9888888888888889;;;2.8333333333333335;5.1000000000000005;true;0
saffron-0141;-0.90182;6.49585;-0.12574;1.6111111111111112;;;3.4111111111111114;5.688888888888889;true;0
saffron-0142;-0.63643;5.80200;-0.26504;0.46111111111111114;;2.011111111111111;2.0277777777777777;3.3222222222222224;true;0
saffron-0143;-0.61411;6.42601;-0.07279;1.35;;;3.177777777777778;4.95;true;0
saffron-0144;-0.23769;6.26997;-0.21200;0.9111111111111111;;;2.5055555555555555;4.761111111111111;true;0
saffron-0145;-0.73843;6.00876;0.16840;0.8;;;2.7055555555555557;4.888888888888889;true;0
saffron-0146;-1.19575;6.25960;-0.25183;1.4833333333333334;;5.483333333333333;2.9611111111111112;6.3500000000000005;true;0
saffron-0147;-0.92872;6.40988;0.09063;1.3777777777777778;;5.3500000000000005;3;5.988888888888889;true;0
saffron-0148;-0.89721;6.12075;-0.12598;0.888888888888889;;;2.538888888888889;4.911111111111111;true;0
saffron-0149;-0.77869;6.32661;-0.15254;1.3611111111111112;;;3.111111111111111;5.055555555555555;true;0
saffron-0150;-0.43959;6.18465;0.03986;1.1388888888888888;;;3.038888888888889;4.916666666666667;true;0
saffron-0151;-0.83534;5.93616;0.26261;0.5777777777777778;;3.316666666666667;2.2055555555555557;4.011111111111111;true;0
saffron-0152;-0.73793;6.62998;-0.21267;1.4666666666666668;;;3.155555555555556;6.433333333333334;true;0
saffron-0153;-0.19898;6.08595;0.17785;0.6444444444444445;;4.65;2.4722222222222223;5.072222222222223;true;0
saffron-0154;-0.71855;6.41743;0.11929;1.4777777777777779;;;3.2944444444444447;5.4;true;0
saffron-0155;-0.72747;6.15367;-0.20522;1.0777777777777777;;;2.8555555555555556;4.788888888888889;true;0
saffron-0156;-0.81128;5.99968;-0.03165;0.7777777777777778;;;2.411111111111111;4.8;true;0
saffron-0157;-0.88462;6.33806;-0.02447;1.25;;;3.038888888888889;5.716666666666667;true;0
saffron-0158;-0.82132;6.46119;0.20877;1.3555555555555556;;;3.022222222222222;5.811111111111111;true;0
saffron-0159;-0.54426;6.07729;-0.21566;1.0944444444444446;;;2.816666666666667;4.977777777777778;true;0
saffron-0160;-0.67383;6.53918;0.17940;1.511111111111111;;;3.216666666666667;5.355555555555556;true;0
saffron-0161;-0.66860;5.92298;-0.18920;0.8388888888888889;;;2.5611111111111113;4.716666666666667;true;0
saffron-0162;-0.64908;6.00699;-0.07241;0.7944444444444445;;;2.638888888888889;5.094444444444445;true;0
saffron-0163;-0.28957;6.00342;0.08791;0.6333333333333333;;;2.522222222222222;4.7444444444444445;true;0
saffron-0164;-0.79222;6.13299;0.04336;0.8166666666666667;;;2.4833333333333334;4.711111111111111;true;0
saffron-0165;-0.89029;6.28577;-0.17381;1.3722222222222222;;;3.0611111111111113;5.138888888888889;true;0
saffron-0166;-0.60786;5.96372;-0.18622;0.8777777777777778;;;2.75;4.861111111111112;true;0
saffron-0167;-0.63448;5.91258;-0.00817;0.6944444444444444;;;2.466666666666667;5.233333333333333;true;0
saffron-0168;-0.85527;6.02317;-0.13258;0.7833333333333333;;;2.5;4.472222222222222;true;0
saffron-0169;-0.25614;6.07792;-0.26810;0.6555555555555556;;;2.316666666666667;4.972222222222222;true;0
saffron-0170;-0.57826;5.86206;-0.20852;0.6666666666666667;;;2.3111111111111113;4.655555555555556;true;0
saffron-0171;-0.68021;6.26935;0.01918;1.1944444444444444;;;3.177777777777778;5;true;0
saffron-0172;-0.89699;6.42874;-0.22022;1.4000000000000001;;;3.0722222222222224;5.438888888888889;true;0
saffron-0173;-0.74710;6.73244;0.18961;1.577777777777778;;;3.1277777777777778;6.316666666666667;true;0
saffron-0174;-0.45568;6.42021;-0.17787;1.2722222222222224;;;3.0500000000000003;5.111111111111112;true;0
saffron-0175;-0.60289;6.15748;-0.10246;1.1444444444444446;;;2.9444444444444446;4.883333333333334;true;0
saffron-0176;-0.95307;6.27181;0.10039;1.1722222222222223;;;2.9;5.488888888888889;true;0
saffron-0177;-0.35197;5.94289;0.03036;0.7611111111111112;;;2.611111111111111;4.777777777777778;true;0
saffron-0178;-0.33942;5.91200;0.12313;0.6222222222222222;;;2.477777777777778;4.783333333333333;true;0
saffron-0179;-0.76381;6.00580;0.10261;0.7444444444444445;;;2.6611111111111114;4.805555555555555;true;0
saffron-0180;-0.87477;6.46042;0.10388;1.5722222222222222;;;3.277777777777778;5.4944444444444445;true;0
saffron-0181;-0.50919;6.30735;0.03331;1.3055555555555556;;;3.272222222222222;5.1000000000000005;true;0
saffron-0182;-0.68875;5.86140;-0.06368;0.6222222222222222;;;2.327777777777778;4.888888888888889;true;0
saffron-0183;-0.23788;6.25063;0.08191;0.9833333333333334;;;2.6833333333333336;4.7555555555555555;true;0
saffron-0184;-0.87540;6.57794;0.21634;1.3055555555555556;;;2.888888888888889;5.516666666666667;true;0
saffron-0185;-0.42178;6.20769;-0.08563;1.0611111111111111;;;2.927777777777778;5.055555555555555;true;0
saffron-0186;-0.36223;5.99280;-0.14206;0.8555555555555556;;;2.65;4.822222222222222;true;0
saffron-0187;-0.71109;6.65866;0.21436;1.5166666666666668;;;3.216666666666667;5.561111111111111;true;0
saffron-0188;-0.49036;6.42260;-0.22003;1.1277777777777778;;;2.666666666666667;5.3500000000000005;true;0
saffron-0189;-0.71764;6.68683;-0.16260;1.7;;;3.316666666666667;6.4944444444444445;true;0
saffron-0190;-0.42628;5.84794;0.09975;0.7222222222222222;;;2.7;4.833333333333334;true;0
saffron-0191;-0.83460;6.41181;0.17311;1.3777777777777778;;;3.1722222222222225;5.4222222222222225;true;0
saffron-0192;-0.53916;6.53934;-0.21305;1.2944444444444445;;;2.966666666666667;5.194444444444445;true;0
saffron-0193;-0.95071;6.36958;-0.13129;1.4277777777777778;;;3.3444444444444446;5.205555555555556;true;0
saffron-0194;-0.57887;5.74694;0.04282;0.4166666666666667;0.7000000000000001;4.711111111111111;2.288888888888889;4.933333333333334;true;0
saffron-0195;-0.78701;6.61608;-0.00149;1.6611111111111112;;;3.5055555555555555;5.05;true;0
saffron-0196;-0.76725;6.38646;-0.19952;1.3111111111111111;;;3.1833333333333336;5.138888888888889;true;0
saffron-0197;-0.27121;6.12674;0.04967;0.8444444444444444;;;2.7;5.033333333333333;true;0
saffron-0198;-0.81245;6.39908;0.16367;1.4611111111111112;;;3.2111111111111112;5.477777777777778;true;0
saffron-0199;-1.16734;6.27912;-0.19209;1.4944444444444445;;5.455555555555556;2.95;6.211111111111111;true;0
saffron-0200;-0.99882;6.22382;0.00996;1.0944444444444446;;;2.7;4.961111111111111;true;0
saffron-0201;-1.15541;6.24153;0.05879;1.288888888888889;;5.394444444444445;2.772222222222222;5.616666666666667;true;0
saffron-0202;-0.56860;5.86630;-0.25677;0.4388888888888889;;1.8222222222222222;;2.533333333333333;true;0
saffron-0203;-0.81521;5.99639;-0.11088;0.7777777777777778;;;2.6722222222222225;4.8388888888888895;true;0
saffron-0204;-0.33436;6.19381;0.03308;1.088888888888889;;;2.9611111111111112;4.916666666666667;true;0
saffron-0205;-0.76937;6.36363;-0.19845;1.277777777777778;;;3.155555555555556;4.977777777777778;true;0
saffron-0206;-0.61763;6.53122;-0.17358;1.4388888888888889;;;3.0333333333333337;6;true;0
saffron-0207;-0.50009;5.82974;-0.25935;0.55;;3.25;2.177777777777778;4.138888888888889;true;0
saffron-0208;-0.75137;6.74728;-0.25154;1.5833333333333335;;;3.077777777777778;6.816666666666667;true;0
saffron-0209;-0.41831;5.93351;0.07387;0.8222222222222223;;;2.716666666666667;4.794444444444444;true;0
saffron-0210;-0.58811;5.87315;-0.22364;0.5611111111111111;;2.9111111111111114;2.1333333333333333;4.0055555555555555;true;0
saffron-0211;-0.73997;6.67081;0.17591;1.5833333333333335;;;3.2055555555555557;6.522222222222222;true;0
saffron-0212;-0.57513;6.17529;-0.18630;1.1055555555555556;;;3;4.733333333333333;true;0
saffron-0213;-0.53452;5.82528;-0.01644;0.6222222222222222;;;2.466666666666667;4.8;true;0
saffron-0214;-0.34293;6.37908;0.01262;1.1277777777777778;;;2.727777777777778;4.911111111111111;true;0
saffron-0215;-0.93341;6.12489;0.00424;0.9722222222222222;;;2.4833333333333334;4.911111111111111;true;0
saffron-0216;-0.99779;6.28570;-0.26967;0.9888888888888889;;;2.566666666666667;5.266666666666667;true;0
saffron-0217;-0.46623;6.00124;-0.11254;0.888888888888889;;;2.677777777777778;4.844444444444445;true;0
saffron-0218;-1.09173;6.26528;-0.16107;1.2055555555555555;;;2.6333333333333333;5.405555555555556;true;0
saffron-0219;-0.84839;6.55849;0.16567;1.577777777777778;;;3.4;6.0055555555555555;true;0
saffron-0220;-0.49380;6.04696;0.08666;1.0222222222222224;;;2.927777777777778;4.961111111111111;true;0
saffron-0221;-0.99297;6.35785;0.26986;1.0611111111111111;;2.8444444444444446;2.6277777777777778;4.366666666666667;true;0
saffron-0222;-0.60370;6.30603;0.11318;1.2833333333333334;;;3.166666666666667;5.055555555555555;true;0
saffron-0223;-0.88690;6.54909;0.04458;1.5611111111111111;;;3.388888888888889;5.594444444444445;true;0
saffron-0224;-0.87040;5.98842;-0.14441;0.6333333333333333;;;2.3222222222222224;4.605555555555556;true;0
saffron-0225;-0.22412;6.11788;-0.09130;0.7388888888888889;;;2.4222222222222225;5.033333333333333;true;0
saffron-0226;-0.48868;5.83587;-0.09617;0.5611111111111111;;;2.327777777777778;4.677777777777778;true;0
saffron-0227;-0.88908;5.95821;-0.19583;0.5666666666666667;;3.5055555555555555;2.3111111111111113;4.638888888888889;true;0
saffron-0228;-0.46643;6.01155;-0.24381;0.9777777777777779;;;2.666666666666667;5.577777777777778;true;0
saffron-0229;-0.50142;6.31983;-0.19206;1.1944444444444444;;;2.8944444444444444;5.155555555555556;true;0
saffron-0230;-0.52879;5.96952;-0.07355;0.9166666666666667;;;2.927777777777778;4.827777777777778;true;0
saffron-0231;-0.84922;6.64604;0.14240;1.6555555555555557;;;3.2833333333333337;6.611111111111112;true;0
saffron-0232;-0.20637;6.07797;0.11569;0.7222222222222222;;4.333333333333334;2.3444444444444446;4.983333333333333;true;0
saffron-0233;-0.55114;5.85800;0.14584;0.788888888888889;;;2.75;4.9;true;0
saffron-0234;-0.43363;5.90651;-0.14609;0.8111111111111111;;;2.6555555555555554;4.722222222222222;true;0
saffron-0235;-0.73071;6.19169;-0.28064;0.8611111111111112;;;2.566666666666667;5.055555555555555;true;0
saffron-0236;-0.76811;5.89704;0.16790;0.788888888888889;;;2.65;5.072222222222223;true;0
saffron-0237;-1.19485;6.25462;-0.11210;1.4611111111111112;;;2.977777777777778;5.9222222222222225;true;0
saffron-0238;-0.73512;6.60669;-0.14310;1.6111111111111112;;;3.3222222222222224;5.227777777777778;true;0
saffron-0239;-0.43462;5.92258;0.21100;0.7333333333333334;;;2.5611111111111113;4.927777777777778;true;0
saffron-0240;-0.25598;6.10902;0.17235;0.7611111111111112;;2.566666666666667;2.3222222222222224;3.988888888888889;true;0
saffron-0241;-1.03458;6.14343;0.02082;1.027777777777778;;;2.5166666666666666;5.355555555555556;true;0
saffron-0242;-0.22290;6.03400;0.22774;0.5666666666666667;;3.4333333333333336;2.283333333333333;4.2555555555555555;true;0
saffron-0243;-0.88008;6.06175;-0.07177;0.7611111111111112;;;2.538888888888889;4.7444444444444445;true;0
saffron-0244;-0.60201;6.08628;0.21319;1.0333333333333334;;;2.8555555555555556;5.572222222222223;true;0
saffron-0245;-0.59250;6.46487;0.19743;1.4055555555555557;;;3.177777777777778;5.355555555555556;true;0
saffron-0246;-0.83807;5.90712;0.06579;0.5833333333333334;;;2.272222222222222;5.0055555555555555;true;0
saffron-0247;-0.37363;6.39219;-0.17733;1.1500000000000001;;;2.761111111111111;5.466666666666667;true;0
saffron-0248;-0.76947;5.98495;-0.22330;0.6833333333333333;;;2.3944444444444444;4.872222222222223;true;0
saffron-0249;-0.36193;6.25614;-0.00074;1.1444444444444446;;;3.0611111111111113;4.911111111111111;true;0
saffron-0250;-0.30733;6.32808;-0.22469;1.0666666666666667;;;2.6555555555555554;4.988888888888889;true;0
saffron-0251;-0.56120;6.53807;0.16021;1.4166666666666667;;;3.038888888888889;5.25;true;0
saffron-0252;-0.72383;6.50510;-0.11935;1.577777777777778;;;3.35;5.238888888888889;true;0
saffron-0253;-0.43053;6.12850;0.13634;1.027777777777778;;;2.888888888888889;5.105555555555556;true;0
saffron-0254;-0.89797;6.21466;0.18406;0.9833333333333334;;;2.7222222222222223;5.044444444444444;true;0
saffron-0255;-0.76002;6.51219;0.24163;1.0833333333333335;;;2.6333333333333333;5.433333333333334;true;0
saffron-0256;-0.62128;6.47947;0.09798;1.4555555555555557;;;3.2666666666666666;5.238888888888889;true;0
saffron-0257;-0.32381;6.30451;-0.26567;0.9833333333333334;;4.377777777777778;2.4722222222222223;5.511111111111111;true;0
saffron-0258;-0.30327;6.13725;0.26920;0.8166666666666667;;4.805555555555555;2.4944444444444445;5.516666666666667;true;0
saffron-0259;-0.48270;5.81029;0.01246;0.6;;;2.4555555555555557;4.772222222222222;true;0
saffron-0260;-0.29664;6.00260;-0.04596;0.7277777777777779;;;2.6555555555555554;4.883333333333334;true;0
saffron-0261;-0.47101;6.00941;-0.18855;0.9444444444444445;;;2.8722222222222222;4.8;true;0
saffron-0262;-0.84371;6.06202;0.27186;0.6166666666666667;;2.45;2.4555555555555557;4.3388888888888895;true;0
saffron-0263;-0.37754;6.29554;0.25872;1.1111111111111112;;;2.816666666666667;5.1722222222222225;true;0
saffron-0264;-1.12722;6.38056;-0.22957;1.577777777777778;;;3.238888888888889;6;true;0
saffron-0265;-0.65115;5.83395;-0.11857;0.47222222222222227;;3.8222222222222224;2.0500000000000003;4.833333333333334;true;0
saffron-0266;-0.53669;5.97029;-0.01592;0.8222222222222223;;;2.772222222222222;4.877777777777778;true;0
saffron-0267;-1.00345;6.06566;0.24895;0.7166666666666667;;4.144444444444445;2.538888888888889;4.905555555555556;true;0
saffron-0268;-0.57311;5.74365;0.01584;0.48888888888888893;;3.761111111111111;2.0944444444444446;4.883333333333334;true;0
saffron-0269;-0.71364;6.12667;0.03889;1.0944444444444446;;;3;5.166666666666667;true;0
saffron-0270;-0.68752;5.83321;-0.03318;0.5;;;2.216666666666667;5.055555555555555;true;0
saffron-0271;-0.97278;6.20531;-0.27376;0.9666666666666667;;;2.566666666666667;5.183333333333334;true;0
saffron-0272;-0.18911;6.15864;0.20041;0.6888888888888889;;;2.288888888888889;4.788888888888889;true;0
saffron-0273;-0.93943;6.52210;0.01132;1.638888888888889;;;3.3444444444444446;5.905555555555556;true;0
saffron-0274;-0.19221;6.15539;-0.07811;0.6833333333333333;;2.9611111111111112;2.283333333333333;4.322222222222222;true;0
saffron-0275;-0.29042;6.15404;-0.05615;0.9333333333333333;;4.766666666666667;2.555555555555556;5.022222222222222;true;0
saffron-0276;-0.41046;6.16546;-0.21172;1.0055555555555555;;;2.6944444444444446;5.1722222222222225;true;0
saffron-0277;-0.69516;6.14677;-0.18054;1.1111111111111112;;;2.8555555555555556;5.127777777777778;true;0
saffron-0278;-0.83215;6.64545;0.08248;1.8222222222222222;;;3.405555555555556;5.783333333333333;true;0
saffron-0279;-0.37691;6.32197;0.20557;1.1444444444444446;;;2.9944444444444445;5.227777777777778;true;0
saffron-0280;-0.72526;6.49414;0.00040;1.5611111111111111;;;3.4833333333333334;5.177777777777778;true;0
saffron-0281;-0.73377;5.98214;-0.14102;0.7555555555555555;;;2.5500000000000003;5.011111111111111;true;0
saffron-0282;-0.48521;5.89385;0.03316;0.8;;;2.761111111111111;4.944444444444445;true;0
saffron-0283;-0.74499;5.82677;0.25817;0.43333333333333335;;2.138888888888889;2.25;2.9222222222222225;true;0
saffron-0284;-0.62646;5.78884;0.09489;0.5777777777777778;;;2.305555555555556;4.75;true;0
saffron-0285;-0.72518;6.16256;0.01014;1.1055555555555556;;;3.0611111111111113;5.144444444444445;true;0
saffron-0286;-0.46299;6.04240;0.19557;0.8611111111111112;;;2.938888888888889;4.955555555555556;true;0
saffron-0287;-0.51777;6.19388;-0.09349;1.1444444444444446;;;3.0055555555555555;4.8500000000000005;true;0
saffron-0288;-0.55186;5.88173;-0.20372;0.8166666666666667;;;2.5944444444444446;4.866666666666667;true;0
saffron-0289;-0.86605;6.07370;0.14673;0.7166666666666667;;4.111111111111112;2.4055555555555554;4.766666666666667;true;0
saffron-0290;-0.32067;6.10834;-0.09883;0.9555555555555556;;;2.7555555555555555;5.0055555555555555;true;0
saffron-0291;-0.86319;5.92382;-0.14198;0.5722222222222223;;4.183333333333334;2.1277777777777778;5.111111111111112;true;0
saffron-0292;-0.68930;6.51265;-0.18392;1.55;;;3.227777777777778;5.161111111111111;true;0
saffron-0293;-0.34011;6.26939;0.10033;1.0777777777777777;;;2.9222222222222225;5.111111111111112;true;0
saffron-0294;-0.74119;6.02333;-0.24601;0.9833333333333334;;;2.7833333333333337;4.638888888888889;true;0
saffron-0295;-0.63996;6.03698;0.22913;0.9111111111111111;;;2.8722222222222222;5.216666666666667;true;0
saffron-0296;-0.73220;6.20118;0.06272;1.1277777777777778;;;3.1277777777777778;4.944444444444445;true;0
saffron-0297;-0.96106;6.24471;-0.14966;1.1611111111111112;;;2.8222222222222224;5.116666666666667;true;0
saffron-0298;-0.51391;6.13972;0.20213;1.1333333333333333;;;3.0277777777777777;5.238888888888889;true;0
saffron-0299;-0.85908;6.31090;0.06723;1.277777777777778;;;3.1833333333333336;5.233333333333333;true;0
saffron-0300;-0.48855;5.93112;0.23808;0.4388888888888889;0.7166666666666667;2.3000000000000003;2.0722222222222224;3.2;true;0
saffron-0301;-0.10140;6.15762;-0.11580;0.6222222222222222;;2.227777777777778;3.177777777777778;3.4611111111111112;true;0
saffron-0302;-0.65028;6.14845;0.13183;1.05;;;2.927777777777778;5.194444444444445;true;0
saffron-0303;-0.44445;5.90738;0.09602;0.7666666666666667;;;2.727777777777778;4.883333333333334;true;0
saffron-0304;-0.61881;6.33242;-0.12522;1.3666666666666667;;;3.177777777777778;5.061111111111111;true;0
saffron-0305;-0.70257;5.97198;0.15615;0.6777777777777778;;;2.4833333333333334;4.7;true;0
saffron-0306;-0.91420;6.58478;-0.00459;1.7277777777777779;;;3.216666666666667;6.116666666666667;true;0
saffron-0307;-0.41775;5.93170;0.01835;0.8166666666666667;;;2.7833333333333337;4.927777777777778;true;0
saffron-0308;-0.82012;6.68677;-0.18466;1.6722222222222223;;;3.3666666666666667;6.472222222222222;true;0
saffron-0309;-0.61424;6.31036;-0.03752;1.3;;;3.216666666666667;4.938888888888889;true;0
saffron-0310;-0.37996;6.29322;-0.27282;1.1;;5.405555555555556;2.7444444444444445;6.055555555555555;true;0
saffron-0311;-0.72773;6.48508;-0.18333;1.4388888888888889;;;3.1833333333333336;5.238888888888889;true;0
saffron-0312;-0.49908;5.78799;-0.07065;0.65;;;2.4555555555555557;4.816666666666666;true;0
saffron-0313;-0.59956;6.27317;0.25499;0.9777777777777779;;;2.65;5.477777777777778;true;0
saffron-0314;-0.84747;6.16748;-0.05298;1.1222222222222222;;;2.9944444444444445;5.027777777777778;true;0
saffron-0315;-1.12492;6.33333;0.09703;1.7833333333333334;;;3.5611111111111113;5.8500000000000005;true;0
saffron-0316;-0.58585;6.08334;-0.26304;0.8;;;2.555555555555556;4.733333333333333;true;0
saffron-0317;-0.44709;5.93466;-0.03072;0.8388888888888889;;;2.7;4.705555555555556;true;0
saffron-0318;-0.56437;5.76397;-0.02112;0.5055555555555555;;;2.305555555555556;4.644444444444445;true;0
saffron-0319;-0.42287;6.34475;-0.18821;1.2166666666666668;;;3.15;5.016666666666667;true;0
saffron-0320;-0.67330;6.42571;0.08491;1.4111111111111112;;;3.2;5.277777777777778;true;0
saffron-0321;-0.87365;6.10377;0.21513;0.7333333333333334;;;2.588888888888889;4.9222222222222225;true;0
saffron-0322;-0.93365;6.44018;0.22732;1.4611111111111112;;;3.1833333333333336;6.044444444444444;true;0
saffron-0323;-0.49204;5.83111;0.06691;0.6277777777777778;;;2.4611111111111112;4.9;true;0
saffron-0324;-0.29875;6.10569;-0.06112;0.9388888888888889;;;2.716666666666667;4.872222222222223;true;0
saffron-0325;-0.17463;6.13757;-0.14093;0.5388888888888889;;4.044444444444444;2.2777777777777777;4.8388888888888895;true;0
saffron-0326;-0.38240;6.29880;-0.02905;1.1388888888888888;;;2.7;4.866666666666667;true;0
saffron-0327;-0.88514;6.25519;-0.13652;1.2222222222222223;;;2.9444444444444446;5.466666666666667;true;0
saffron-0328;-0.87040;6.23635;-0.24662;1.0555555555555556;;;2.688888888888889;5.1722222222222225;true;0
saffron-0329;-0.65337;6.38576;-0.22743;1.1777777777777778;;;2.666666666666667;5.5;true;0
saffron-0330;-1.01979;6.09023;-0.01977;0.888888888888889;;3.738888888888889;2.5277777777777777;4.972222222222222;true;0
saffron-0331;-0.97418;6.22137;0.10377;1.0722222222222222;;;2.827777777777778;5.166666666666667;true;0
saffron-0332;-0.27740;6.20857;0.12051;0.8388888888888889;;;2.688888888888889;5.094444444444445;true;0
saffron-0333;-0.34093;6.14813;0.18087;0.9500000000000001;;;2.7;5.311111111111111;true;0
saffron-0334;-0.75360;5.84039;-0.25249;0.48333333333333334;;2.7666666666666666;2.0944444444444446;4.216666666666667;true;0
saffron-0335;-0.25815;6.11728;0.23842;0.7222222222222222;;;2.488888888888889;4.911111111111111;true;0
saffron-0336;-0.60216;6.52102;0.00590;1.4611111111111112;;;3.35;4.95;true;0
saffron-0337;-0.48359;6.11582;-0.17824;1.011111111111111;;;2.8555555555555556;4.8;true;0
saffron-0338;-0.68851;5.93274;0.20277;0.5111111111111112;0.7111111111111111;2.3944444444444444;2.3722222222222222;3.4444444444444446;true;0
saffron-0339;-0.31929;6.35150;-0.10343;1.0722222222222222;;;2.6055555555555556;5.133333333333334;true;0
saffron-0340;-0.92889;6.41020;-0.11597;1.3166666666666667;;;2.9944444444444445;6.066666666666667;true;0
saffron-0341;-0.58879;5.82784;-0.13875;0.6055555555555556;;;2.35;4.761111111111111;true;0
saffron-0342;-0.62259;6.43227;-0.00690;1.4166666666666667;;;3.3722222222222222;5.016666666666667;true;0
saffron-0343;-0.44293;6.04310;-0.19903;1;;;2.8333333333333335;5.477777777777778;true;0
saffron-0344;-0.69528;6.32014;0.05197;1.3;;;3.1611111111111114;4.944444444444445;true;0
saffron-0345;-0.72059;6.57366;0.02340;1.6500000000000001;;;3.5166666666666666;5.483333333333333;true;0
saffron-0346;-0.79318;6.22136;0.03007;1.1833333333333333;;;3.1611111111111114;5.066666666666666;true;0
saffron-0347;-0.86068;6.64314;-0.02622;1.7833333333333334;;;3.4;7.055555555555556;true;0
saffron-0348;-0.46318;5.96047;-0.21633;0.8333333333333334;;;2.566666666666667;4.711111111111111;true;0
saffron-0349;-0.40751;6.42827;0.09196;1.2722222222222224;;;2.9833333333333334;5.205555555555556;true;0
saffron-0350;-0.76157;6.10625;-0.17413;0.8611111111111112;;;2.6222222222222222;4.8388888888888895;true;0
saffron-0351;-0.52850;6.35511;0.16560;1.25;;;3.0833333333333335;5.305555555555555;true;0
saffron-0352;-0.46703;6.36246;0.01617;1.2111111111111112;;;3.272222222222222;4.983333333333333;true;0
saffron-0353;-0.74274;6.58774;-0.02010;1.638888888888889;;;3.577777777777778;5.416666666666667;true;0
saffron-0354;-0.46371;6.08845;0.22515;0.8555555555555556;;4.4944444444444445;2.6055555555555556;5.25;true;0
saffron-0355;-0.94085;6.52086;0.10263;1.5944444444444446;;;3.2555555555555555;6.111111111111112;true;0
saffron-0356;-0.67406;6.10781;-0.24911;0.9055555555555556;;;2.577777777777778;4.7555555555555555;true;0
saffron-0357;-0.66001;6.03925;-0.26440;0.8611111111111112;;;2.6555555555555554;4.694444444444445;true;0
saffron-0358;-0.75524;6.13049;-0.08766;1.0611111111111111;;;2.9555555555555557;4.95;true;0
saffron-0359;-0.69027;6.03438;0.23754;0.6111111111111112;0.8166666666666667;2.427777777777778;2.466666666666667;3.527777777777778;true;0
saffron-0360;-0.67445;6.27519;0.26361;0.9777777777777779;;;2.666666666666667;5.155555555555556;true;0
saffron-0361;-1.04917;6.34126;0.05259;1.3166666666666667;;;2.8722222222222222;6.205555555555556;true;0
saffron-0362;-0.40255;6.01675;-0.01067;0.8944444444444445;;;2.75;4.9222222222222225;true;0
saffron-0363;-0.64722;6.64216;-0.26535;1.1833333333333333;;4.427777777777778;2.75;5.688888888888889;true;0
saffron-0364;-0.92731;6.21896;-0.19918;1.088888888888889;;;2.838888888888889;5.094444444444445;true;0
saffron-0365;-0.61830;6.48484;0.11855;1.4611111111111112;;;3.1722222222222225;5.183333333333334;true;0
saffron-0366;-0.89157;6.51720;-0.22175;1.3111111111111111;;6.166666666666667;2.9555555555555557;6.455555555555556;true;0
saffron-0367;-0.55920;6.37971;0.23201;1.1611111111111112;;;2.9;5.566666666666667;true;0
saffron-0368;-0.53037;6.19119;-0.18153;1.088888888888889;;;2.9444444444444446;5.105555555555556;true;0
saffron-0369;-0.99322;6.23762;0.05326;1.0944444444444446;;;2.7444444444444445;5.261111111111111;true;0
saffron-0370;-0.59479;6.55245;0.12200;1.45;;;3.2;5.322222222222223;true;0
saffron-0371;-0.81451;5.90936;0.15882;0.5944444444444444;0.7944444444444445;4.277777777777778;2.45;5.133333333333334;true;0
saffron-0372;-0.80318;6.10402;0.18244;0.7944444444444445;;;2.761111111111111;5.033333333333333;true;0
saffron-0373;-0.43894;5.96152;0.17924;0.788888888888889;;;2.7666666666666666;5.116666666666667;true;0
saffron-0374;-0.56559;6.60638;-0.13694;1.3722222222222222;;;3.1944444444444446;5.188888888888889;true;0
saffron-0375;-0.68117;6.31746;-0.10153;1.2833333333333334;;;3.2555555555555555;5.177777777777778;true;0
saffron-0376;-0.81798;6.56240;0.17424;1.5444444444444445;;;3.2833333333333337;5.977777777777778;true;0
saffron-0377;-0.99837;6.16851;-0.19733;0.9111111111111111;;;2.75;4.727777777777778;true;0
saffron-0378;-0.77239;5.91931;-0.19343;0.5055555555555555;;2.1555555555555554;2.066666666666667;3.805555555555556;true;0
saffron-0379;-1.00777;6.18343;-0.22708;1.05;;;2.7;4.927777777777778;true;0
saffron-0380;-0.71322;5.89217;-0.19810;0.6444444444444445;;;2.361111111111111;4.527777777777778;true;0
saffron-0381;-0.78432;6.57899;-0.01534;1.6833333333333333;;;3.511111111111111;5.572222222222223;true;0
saffron-0382;-0.87637;6.57965;0.01385;1.6555555555555557;;;3.2833333333333337;6.116666666666667;true;0
saffron-0383;-0.40054;5.91100;0.02091;0.6277777777777778;;;2.3833333333333333;4.788888888888889;true;0
saffron-0384;-0.56593;6.27098;-0.12792;1.2111111111111112;;;3.1;4.7555555555555555;true;0
saffron-0385;-0.42170;6.39352;-0.00998;1.277777777777778;;;2.9944444444444445;5.1000000000000005;true;0
saffron-0386;-0.28214;6.10164;-0.21282;0.7000000000000001;;;2.566666666666667;4.822222222222222;true;0
saffron-0387;-0.54817;6.51025;-0.17591;1.4055555555555557;;;2.977777777777778;5.822222222222223;true;0
saffron-0388;-0.44888;6.15318;-0.11554;1.0611111111111111;;;2.8833333333333333;5.055555555555555;true;0
saffron-0389;-0.48911;6.37761;0.11608;1.3611111111111112;;;3.011111111111111;5.227777777777778;true;0
saffron-0390;-0.80891;6.63024;-0.05590;1.7;;;3.511111111111111;6.45;true;0
saffron-0391;-0.58523;6.54744;-0.02380;1.4777777777777779;;;3.238888888888889;5.116666666666667;true;0
saffron-0392;-0.54040;6.25908;0.08746;1.2111111111111112;;;3.0944444444444446;5.177777777777778;true;0
saffron-0393;-0.95229;6.31375;0.18487;1.1388888888888888;;;2.966666666666667;5.766666666666667;true;0
saffron-0394;-0.93863;6.56248;-0.04216;1.6222222222222222;;5.561111111111111;3.055555555555556;6.211111111111111;true;0
saffron-0395;-0.45357;5.82765;0.15768;0.6666666666666667;;;2.477777777777778;4.938888888888889;true;0
saffron-0396;-0.39561;6.03959;0.27830;0.5944444444444444;;;2.45;4.816666666666666;true;0
saffron-0397;-0.18279;6.09027;-0.03553;0.7722222222222223;;;2.3111111111111113;4.616666666666667;true;0
saffron-0398;-0.89852;6.16823;0.04410;1.088888888888889;;;2.772222222222222;5.15;true;0
saffron-0399;-0.93252;6.54234;0.09711;1.6222222222222222;;;3.3666666666666667;5.794444444444444;true;0
saffron-0400;-0.53205;5.86578;-0.15196;0.75;;;2.6611111111111114;4.711111111111111;true;0
saffron-0401;-0.53987;6.47471;0.03437;1.4055555555555557;;;3.25;5.327777777777778;true;0
saffron-0402;-0.88333;6.36453;0.24383;1.2055555555555555;;;2.988888888888889;5.777777777777778;true;0
saffron-0403;-0.53786;6.19744;0.17783;1.1333333333333333;;;3.0277777777777777;5.144444444444445;true;0
saffron-0404;-0.19854;6.17326;-0.24989;0.7722222222222223;;4.666666666666667;2.3944444444444444;4.983333333333333;true;0
saffron-0405;-0.64079;6.54972;0.20586;1.5166666666666668;;;3.2055555555555557;5.333333333333334;true;0
saffron-0406;-0.26226;6.23577;0.20609;0.9555555555555556;;;2.488888888888889;4.972222222222222;true;0
saffron-0407;-0.40407;6.02805;0.08110;0.9277777777777778;;;2.7666666666666666;5.066666666666666;true;0
saffron-0408;-0.73493;6.11146;-0.01066;0.9611111111111111;;;2.788888888888889;4.977777777777778;true;0
saffron-0409;-0.92622;6.46121;-0.10931;1.5;;;3.305555555555556;5.622222222222223;true;0
saffron-0410;-0.86849;6.35841;-0.10108;1.4277777777777778;;;3.35;5.138888888888889;true;0
saffron-0411;-0.73384;6.39272;-0.02698;1.3944444444444446;;;3.361111111111111;5.194444444444445;true;0
saffron-0412;-0.72030;6.00839;0.21279;0.6888888888888889;;4.283333333333333;2.6444444444444444;5.027777777777778;true;0
saffron-0413;-0.66981;6.46301;-0.16408;1.4388888888888889;;;3.15;5.177777777777778;true;0
saffron-0414;-0.50683;5.95164;0.17704;0.8833333333333334;;;2.7833333333333337;4.95;true;0
saffron-0415;-0.50626;6.21784;0.10392;1.1055555555555556;;;2.977777777777778;5.194444444444445;true;0
saffron-0416;-0.51112;6.07591;0.10125;1.0222222222222224;;;2.9833333333333334;4.9944444444444445;true;0
saffron-0417;-0.42583;6.13556;0.10715;1.0055555555555555;;;2.9444444444444446;4.983333333333333;true;0
saffron-0418;-0.34648;6.37153;0.26990;1.088888888888889;;4.916666666666667;2.716666666666667;5.733333333333333;true;0
saffron-0419;-0.33305;6.26428;0.03241;1.0777777777777777;;;2.75;5.111111111111112;true;0
saffron-0420;-0.75041;6.38165;-0.22903;1.011111111111111;;4.661111111111111;2.566666666666667;5.555555555555555;true;0
saffron-0421;-0.65331;5.75851;0.07318;0.40555555555555556;;;2.3111111111111113;4.6000000000000005;true;0
saffron-0422;-0.58241;6.09362;0.04527;1.0055555555555555;;;2.9555555555555557;4.872222222222223;true;0
saffron-0423;-0.67249;5.92441;0.18141;0.47222222222222227;;;2.2444444444444445;4.605555555555556;true;0
saffron-0424;-1.06114;6.12497;-0.19936;0.9222222222222223;;4.511111111111111;2.361111111111111;5.166666666666667;true;0
saffron-0425;-0.66305;6.65074;-0.13865;1.527777777777778;;;3.088888888888889;5.822222222222223;true;0
saffron-0426;-0.41496;5.88449;0.14342;0.7666666666666667;;;2.65;4.905555555555556;true;0
saffron-0427;-0.65487;6.50865;-0.16216;1.4222222222222223;;;3.216666666666667;5.066666666666666;true;0
saffron-0428;-0.76938;6.51003;-0.01475;1.6111111111111112;;;3.4111111111111114;4.961111111111111;true;0
saffron-0429;-0.72972;6.50114;0.09384;1.5222222222222224;;;3.3666666666666667;5.366666666666667;true;0
saffron-0430;-0.44335;5.99927;-0.27579;0.6722222222222223;;4.016666666666667;2.3333333333333335;4.822222222222222;true;0
saffron-0431;-1.03571;6.25442;-0.17449;1.05;;;2.5611111111111113;5.633333333333334;true;0
saffron-0432;-0.34769;6.00769;0.16997;0.788888888888889;;;2.5500000000000003;4.794444444444444;true;0
saffron-0433;-0.46205;6.01734;0.02602;0.9166666666666667;;;2.9333333333333336;5.144444444444445;true;0
saffron-0434;-0.43461;6.08901;-0.27236;0.8388888888888889;;;2.5277777777777777;5.288888888888889;true;0
saffron-0435;-0.46272;5.78932;0.24406;0.4277777777777778;;2.088888888888889;2.25;2.7833333333333337;true;0
saffron-0436;-1.07344;6.43782;-0.10650;1.4944444444444445;;5.811111111111111;2.966666666666667;6.461111111111111;true;0
saffron-0437;-0.65285;6.43449;0.15370;1.4333333333333333;;;3.166666666666667;5.438888888888889;true;0
saffron-0438;-0.42074;6.42990;-0.10672;1.1944444444444444;;;2.716666666666667;5.122222222222223;true;0
saffron-0439;-0.73041;6.04821;0.01904;0.8;;;2.5500000000000003;4.916666666666667;true;0
saffron-0440;-0.28557;6.19962;0.16315;0.9444444444444445;;;2.65;4.8500000000000005;true;0
saffron-0441;-0.33962;5.99037;0.16613;0.7722222222222223;;;2.5500000000000003;4.622222222222223;true;0
saffron-0442;-0.51927;5.88406;-0.00570;0.7722222222222223;;;2.666666666666667;4.8500000000000005;true;0
saffron-0443;-0.48446;6.15673;0.11766;1.05;;;3.0055555555555555;5.161111111111111;true;0
saffron-0444;-1.15376;6.24838;0.04005;1.2166666666666668;;;2.8444444444444446;5.366666666666667;true;0
saffron-0445;-0.45849;5.98097;-0.11797;0.8722222222222222;;;2.8222222222222224;4.8;true;0
saffron-0446;-0.28700;6.24330;-0.12615;0.9833333333333334;;;2.6944444444444446;4.95;true;0
saffron-0447;-0.87341;5.97412;-0.03263;0.6333333333333333;;;2.3000000000000003;4.7;true;0
saffron-0448;-0.14992;6.22186;0.18448;0.6277777777777778;;;2.216666666666667;3.9833333333333334;true;0
saffron-0449;-1.02823;6.24201;0.11408;1.1611111111111112;;;2.8111111111111113;5.366666666666667;true;0
saffron-0450;-0.99259;6.42908;0.05901;1.3555555555555556;;;3.038888888888889;5.5;true;0
saffron-0451;-0.74573;6.28973;0.21575;1.2555555555555555;;;3.0500000000000003;5.238888888888889;true;0
saffron-0452;-0.46190;5.84798;0.09641;0.6777777777777778;;;2.727777777777778;4.894444444444445;true;0
saffron-0453;-0.75630;6.16584;0.09110;0.9500000000000001;;;2.7777777777777777;5.038888888888889;true;0
saffron-0454;-0.59238;6.01708;-0.06250;0.85;;;2.772222222222222;5.144444444444445;true;0
saffron-0455;-0.49947;5.91874;-0.06752;0.7277777777777779;;;2.588888888888889;4.7444444444444445;true;0
saffron-0456;-0.25849;6.07312;-0.11959;0.7111111111111111;;;2.5500000000000003;4.766666666666667;true;0
saffron-0457;-0.58037;6.43100;0.04663;1.35;;;3.2444444444444445;5.105555555555556;true;0
saffron-0458;-0.65244;6.52812;-0.16676;1.4833333333333334;;;3.138888888888889;5.616666666666667;true;0
saffron-0459;-0.57294;5.78453;0.16868;0.4166666666666667;;2.2055555555555557;2.2055555555555557;2.966666666666667;true;0
saffron-0460;-0.71940;6.62872;-0.06100;1.6611111111111112;;;3.5722222222222224;5.066666666666666;true;0
saffron-0461;-0.39283;6.38913;-0.19908;1.1777777777777778;;;3.188888888888889;5.05;true;0
saffron-0462;-0.57777;6.09646;0.19113;1.0944444444444446;;;2.938888888888889;5.261111111111111;true;0
saffron-0463;-0.66030;6.00683;-0.07575;0.8333333333333334;;;2.7055555555555557;5.055555555555555;true;0
saffron-0464;-0.27973;6.01735;-0.03593;0.7555555555555555;;;2.5055555555555555;5.033333333333333;true;0
saffron-0465;-1.00596;6.11153;0.19340;0.85;;;2.555555555555556;5.1722222222222225;true;0
saffron-0466;-0.86484;6.23657;-0.19730;1.1444444444444446;;;2.8555555555555556;5.161111111111111;true;0
saffron-0467;-0.92831;6.01134;-0.06716;0.7333333333333334;;;2.488888888888889;4.988888888888889;true;0
saffron-0468;-0.45765;5.90349;0.26187;0.6166666666666667;;4.25;2.5500000000000003;4.9;true;0
saffron-0469;-0.54076;5.77499;-0.04406;0.5222222222222223;;;2.511111111111111;4.738888888888889;true;0
saffron-0470;-0.82430;6.28935;0.22326;1.1333333333333333;;;2.8833333333333333;5.15;true;0
saffron-0471;-0.41945;6.26787;0.18343;1.1444444444444446;;;2.85;5.161111111111111;true;0
saffron-0472;-0.80280;6.53087;0.09980;1.577777777777778;;;3.405555555555556;5.077777777777778;true;0
saffron-0473;-0.50470;6.15872;0.20031;1.1444444444444446;;;3.0277777777777777;5.133333333333334;true;0
saffron-0474;-0.72444;5.92988;-0.17371;0.6777777777777778;;;2.35;4.461111111111111;true;0
saffron-0475;-0.49870;6.03890;-0.15756;0.9222222222222223;;;2.8777777777777778;5.138888888888889;true;0
saffron-0476;-0.54430;6.05275;-0.25490;0.6611111111111111;;3.916666666666667;2.15;4.583333333333334;true;0
saffron-0477;-0.59757;6.28686;-0.17430;1.2222222222222223;;;3.1;4.777777777777778;true;0
saffron-0478;-0.64970;6.02486;-0.23968;0.888888888888889;;;2.7833333333333337;4.955555555555556;true;0
saffron-0479;-0.76468;5.88200;0.25745;0.5166666666666667;;2.2111111111111112;2.2055555555555557;3.088888888888889;true;0
saffron-0480;-1.03353;6.24360;-0.20674;1.1666666666666667;;;2.9444444444444446;5.183333333333334;true;0
saffron-0481;-0.40819;6.32487;0.25423;1.1222222222222222;;;2.8333333333333335;5.577777777777778;true;0
saffron-0482;-0.85359;6.30982;0.10846;1.1611111111111112;;;2.927777777777778;5.211111111111111;true;0
saffron-0483;-1.03233;6.44823;-0.24121;1.3055555555555556;;;2.9;5.522222222222222;true;0
saffron-0484;-0.68910;5.82381;-0.26044;0.6055555555555556;;;2.3833333333333333;4.7;true;0
saffron-0485;-0.66605;5.91439;-0.14022;0.55;;;2.338888888888889;5.122222222222223;true;0
saffron-0486;-0.31688;5.98785;0.01526;0.7000000000000001;;;2.666666666666667;4.7444444444444445;true;0
saffron-0487;-0.51188;6.45361;0.25403;1.0555555555555556;;;2.666666666666667;5.55;true;0
saffron-0488;-0.20779;6.17993;0.06905;0.8611111111111112;;;2.5944444444444446;4.872222222222223;true;0
saffron-0489;-0.44923;5.78150;0.22158;0.4166666666666667;;2.022222222222222;2.0722222222222224;3.477777777777778;true;0
saffron-0490;-0.88144;6.40271;0.03049;1.35;;;3.1611111111111114;5.461111111111111;true;0
saffron-0491;-0.54379;6.52527;-0.10266;1.4666666666666668;;;3.2111111111111112;5.194444444444445;true;0
saffron-0492;-0.82131;5.89925;-0.25257;0.5444444444444445;;;2.3111111111111113;4.677777777777778;true;0
saffron-0493;-0.74027;5.98344;0.03884;0.7166666666666667;;;2.411111111111111;4.877777777777778;true;0
saffron-0494;-0.52977;6.16259;-0.05498;0.9888888888888889;;;2.9555555555555557;4.961111111111111;true;0
saffron-0495;-0.77579;6.24022;-0.18883;1.1277777777777778;;;3.0944444444444446;4.8388888888888895;true;0
saffron-0496;-0.44133;6.35939;0.16680;1.2666666666666666;;;3.0055555555555555;5.238888888888889;true;0
saffron-0497;-0.85297;6.65653;0.02219;1.7555555555555555;;;3.4333333333333336;6.783333333333333;true;0
saffron-0498;-0.71474;6.60239;-0.24419;1.3222222222222222;;;3.1222222222222222;5.955555555555556;true;0
saffron-0499;-0.86727;6.46545;-0.24213;1.4055555555555557;;;3.1;5.194444444444445;true;0
saffron-0500;-0.98375;6.05352;-0.07506;0.888888888888889;;4.877777777777778;2.511111111111111;5.144444444444445;true;0
saffron-0501;-0.86534;6.12553;-0.07219;1.038888888888889;;;2.838888888888889;4.927777777777778;true;0
saffron-0502;-0.80240;6.43265;-0.06992;1.5166666666666668;;;3.3777777777777778;5.177777777777778;true;0
saffron-0503;-0.36091;5.97926;0.24766;0.6111111111111112;;;2.4722222222222223;5.283333333333333;true;0
saffron-0504;-0.42964;6.46553;0.21701;1.3888888888888888;;;3.0055555555555555;5.894444444444445;true;0
saffron-0505;-0.90047;6.40941;0.25680;1.1777777777777778;;4.738888888888889;2.677777777777778;5.305555555555555;true;0
saffron-0506;-0.99589;6.15604;-0.27327;0.7722222222222223;;;2.4555555555555557;4.911111111111111;true;0
saffron-0507;-0.34945;6.05771;0.04951;0.8111111111111111;;;2.7;4.877777777777778;true;0
saffron-0508;-0.66109;6.56316;0.05916;1.6055555555555556;;;3.327777777777778;5.133333333333334;true;0
saffron-0509;-0.89908;6.43627;0.02128;1.4388888888888889;;;3.1611111111111114;5.355555555555556;true;0
saffron-0510;-0.63419;5.74374;-0.16967;0.47222222222222227;;2.033333333333333;2.0444444444444447;4.016666666666667;true;0
saffron-0511;-0.65480;6.41508;-0.05487;1.4555555555555557;;;3.305555555555556;5.027777777777778;true;0
saffron-0512;-1.05673;6.35267;-0.21328;1.4166666666666667;;6.027777777777778;3;6.683333333333334;true;0
saffron-0513;-1.05949;6.33785;0.12496;1.3666666666666667;;;2.9;5.9944444444444445;true;0
saffron-0514;-0.78141;6.35538;0.04790;1.3833333333333333;;;3.1722222222222225;5.027777777777778;true;0
saffron-0515;-0.43146;6.08968;0.05918;0.9666666666666667;;;2.9944444444444445;4.966666666666667;true;0
saffron-0516;-0.77337;5.89128;-0.08811;0.5166666666666667;;1.988888888888889;2.1944444444444446;3.227777777777778;true;0
saffron-0517;-0.53650;6.32663;-0.03225;1.2166666666666668;;;3.1611111111111114;4.955555555555556;true;0
saffron-0518;-0.93554;6.15124;-0.19356;1.1;;;2.7333333333333334;5.138888888888889;true;0
saffron-0519;-0.40444;6.04883;0.22889;0.8111111111111111;;4.438888888888889;2.6333333333333333;5.044444444444444;true;0
saffron-0520;-0.89640;6.23024;0.06876;1.0055555555555555;;;2.6555555555555554;5.305555555555555;true;0
saffron-0521;-0.54541;5.84100;0.06535;0.6944444444444444;;;2.5500000000000003;4.8388888888888895;true;0
saffron-0522;-0.74502;6.47288;0.16645;1.4555555555555557;;;3.2333333333333334;5.522222222222222;true;0
saffron-0523;-0.65525;6.55917;0.04520;1.5666666666666667;;;3.4944444444444445;4.977777777777778;true;0
saffron-0524;-0.50839;6.19858;-0.13450;1.1500000000000001;;;2.9444444444444446;4.983333333333333;true;0
saffron-0525;-0.32887;6.01831;0.21036;0.7833333333333333;;;2.488888888888889;4.594444444444445;true;0
saffron-0526;-0.60597;6.43251;0.20194;1.3777777777777778;;;3.1;5.655555555555556;true;0
saffron-0527;-0.47196;6.41058;-0.05502;1.3055555555555556;;;3.0944444444444446;5.183333333333334;true;0
saffron-0528;-0.31488;6.34364;0.21056;1.1222222222222222;;;2.65;4.866666666666667;true;0
saffron-0529;-0.50366;6.49909;0.02222;1.3222222222222222;;;3.0500000000000003;5.127777777777778;true;0
saffron-0530;-0.50668;6.22636;-0.13929;1.1666666666666667;;;3.1333333333333333;4.933333333333334;true;0
saffron-0531;-0.34605;6.31476;0.09540;1.1777777777777778;;;2.966666666666667;5.2;true;0
saffron-0532;-0.55853;5.99029;0.21043;0.7833333333333333;;3.7555555555555555;2.4555555555555557;4.7;true;0
saffron-0533;-0.34126;6.25429;0.05963;1.0166666666666666;;;2.9055555555555554;5.144444444444445;true;0
saffron-0534;-0.51041;6.27453;0.21639;1.1388888888888888;;;2.9944444444444445;5.116666666666667;true;0
saffron-0535;-0.61304;5.89011;0.04439;0.6222222222222222;;;2.466666666666667;4.5888888888888895;true;0
saffron-0536;-0.42284;6.23194;0.23456;1.1333333333333333;;;2.9222222222222225;5;true;0
saffron-0537;-0.23624;6.04593;0.21370;0.6444444444444445;;;2.45;4.955555555555556;true;0
saffron-0538;-0.62801;5.86613;0.13748;0.5444444444444445;0.7666666666666667;3.738888888888889;2.4444444444444446;4.4944444444444445;true;0
saffron-0539;-0.82803;6.38815;0.00263;1.4277777777777778;;;3.361111111111111;5.155555555555556;true;0
saffron-0540;-0.74683;6.14340;-0.21969;0.9611111111111111;;;2.7944444444444447;5.15;true;0
saffron-0541;-0.49081;6.23058;0.26174;0.7944444444444445;;;2.6833333333333336;4.9222222222222225;true;0
saffron-0542;-0.33352;6.36855;0.04559;1.2333333333333334;;;2.938888888888889;5.122222222222223;true;0
saffron-0543;-0.73237;6.75732;0.17462;1.6166666666666667;;5.466666666666667;3.1833333333333336;6.133333333333334;true;0
saffron-0544;-0.46729;6.48679;0.08517;1.338888888888889;;;3.0333333333333337;5.455555555555556;true;0
saffron-0545;-0.19539;6.13442;-0.24329;0.7833333333333333;;4.861111111111112;2.3777777777777778;5.233333333333333;true;0
saffron-0546;-0.84698;6.40925;-0.07433;1.3888888888888888;;;3.511111111111111;5.144444444444445;true;0
saffron-0547;-0.74842;6.55024;0.15227;1.5333333333333334;;;3.361111111111111;5.355555555555556;true;0
saffron-0548;-0.25319;5.98573;0.11479;0.6611111111111111;;;2.4944444444444445;4.772222222222222;true;0
saffron-0549;-0.94950;6.17841;0.18528;0.8777777777777778;;;2.6;4.761111111111111;true;0
saffron-0550;-1.20799;6.28293;0.23602;2.3722222222222222;;;3.777777777777778;5.511111111111111;true;0
saffron-0551;-0.97357;6.47322;0.25450;1.4222222222222223;;5.611111111111112;3.0055555555555555;6.177777777777778;true;0
saffron-0552;-0.88529;6.44136;-0.10672;1.4833333333333334;;;3.438888888888889;5.3;true;0
saffron-0553;-0.53938;5.97566;-0.01993;0.8166666666666667;;;2.7222222222222223;4.827777777777778;true;0
saffron-0554;-0.65664;6.13205;-0.25211;0.8555555555555556;;;2.4555555555555557;4.916666666666667;true;0
saffron-0555;-0.29687;5.94552;0.14179;0.6111111111111112;;3.6444444444444444;2.327777777777778;4.594444444444445;true;0
saffron-0556;-0.67151;6.45343;-0.09154;1.3833333333333333;;;3.216666666666667;5.188888888888889;true;0
saffron-0557;-0.73007;6.59534;-0.27351;1.2833333333333334;;6.155555555555556;2.85;6.177777777777778;true;0
saffron-0558;-0.91849;6.41526;-0.07086;1.4444444444444444;;;3.427777777777778;5.305555555555555;true;0
saffron-0559;-0.74628;6.45522;0.23154;1.2055555555555555;;;2.8944444444444444;5.3;true;0
saffron-0560;-0.39124;6.38066;0.25571;1.0055555555555555;;;2.6;5.344444444444445;true;0
saffron-0561;-1.06189;6.16808;0.06136;1.0944444444444446;;;2.5611111111111113;5.177777777777778;true;0
saffron-0562;-0.48575;5.84783;0.16366;0.7333333333333334;;;2.7111111111111112;4.872222222222223;true;0
saffron-0563;-0.86444;6.62839;0.01982;1.738888888888889;;;3.316666666666667;5.9944444444444445;true;0
saffron-0564;-0.96150;6.51585;0.23155;1.45;;;3.1;6.0055555555555555;true;0
saffron-0565;-0.58071;6.50508;0.20786;1.3888888888888888;;5.6000000000000005;2.916666666666667;5.95;true;0
saffron-0566;-0.15840;6.19082;0.23853;0.6888888888888889;;2.283333333333333;2.283333333333333;3.6;true;0
saffron-0567;-0.64370;6.36391;-0.28115;1.088888888888889;;;2.7;5.611111111111112;true;0
saffron-0568;-0.59438;6.42429;-0.25503;1.05;;;2.566666666666667;5.4222222222222225;true;0
saffron-0569;-0.66020;6.27875;0.16837;1.2833333333333334;;;3.138888888888889;5.3;true;0
saffron-0570;-0.27690;6.24079;-0.08796;0.9555555555555556;;;2.6166666666666667;5.027777777777778;true;0
saffron-0571;-0.96746;6.51592;0.23965;1.3333333333333335;;;2.9333333333333336;5.983333333333333;true;0
saffron-0572;-0.76198;6.24046;0.15177;0.9833333333333334;;;2.7666666666666666;4.944444444444445;true;0
saffron-0573;-0.54804;5.81128;-0.15297;0.6111111111111112;;;2.4555555555555557;4.772222222222222;true;0
saffron-0574;-0.38257;6.00143;-0.26753;0.7666666666666667;;;2.6222222222222222;4.927777777777778;true;0
saffron-0575;-0.76322;6.37260;-0.14127;1.4333333333333333;;;3.155555555555556;5.066666666666666;true;0
saffron-0576;-0.76728;6.06400;0.22576;0.8166666666666667;;;2.7111111111111112;5.033333333333333;true;0
saffron-0577;-0.41088;6.09167;0.23074;0.9500000000000001;;;2.65;5.1000000000000005;true;0
saffron-0578;-0.36888;5.85668;0.07753;0.6;;;2.338888888888889;4.75;true;0
saffron-0579;-1.09560;6.17649;0.01199;0.9111111111111111;;;2.538888888888889;5.111111111111112;true;0
saffron-0580;-0.53071;5.92831;-0.11249;0.7944444444444445;;;2.588888888888889;4.694444444444445;true;0
saffron-0581;-0.91884;6.46728;0.08693;1.5166666666666668;;;3.1833333333333336;5.455555555555556;true;0
saffron-0582;-0.89373;6.04764;0.13944;0.638888888888889;;2.4722222222222223;2.466666666666667;4.633333333333334;true;0
saffron-0583;-0.26170;6.16786;-0.09483;0.9444444444444445;;;2.6222222222222222;5.1000000000000005;true;0
saffron-0584;-0.94115;6.13439;0.06379;0.9833333333333334;;;2.588888888888889;5.105555555555556;true;0
saffron-0585;-0.65515;6.57683;-0.01631;1.5944444444444446;;;3.361111111111111;5.1000000000000005;true;0
saffron-0586;-0.57109;6.00812;0.02456;0.9444444444444445;;;2.8833333333333333;4.977777777777778;true;0
saffron-0587;-0.23041;6.06306;-0.18240;0.75;;;2.5500000000000003;4.761111111111111;true;0
saffron-0588;-0.61579;5.70612;-0.20716;0.4277777777777778;;2.272222222222222;2.0444444444444447;4.105555555555556;true;0
saffron-0589;-0.85981;6.62424;0.26733;1.2055555555555555;;4.816666666666666;2.6833333333333336;5.861111111111112;true;0
saffron-0590;-0.33392;5.92222;0.24282;0.5666666666666667;;2.238888888888889;2.283333333333333;3.5944444444444446;true;0
saffron-0591;-0.88799;6.56237;-0.04226;1.6611111111111112;;;3.327777777777778;5.694444444444445;true;0
saffron-0592;-0.47681;5.79626;0.01595;0.55;;;2.4555555555555557;4.655555555555556;true;0
saffron-0593;-0.60939;6.32544;-0.09975;1.3;;;3.15;5.15;true;0
saffron-0594;-0.68005;6.31160;-0.06866;1.288888888888889;;;3.2944444444444447;4.977777777777778;true;0
saffron-0595;-0.76118;5.95858;0.11753;0.6166666666666667;;;2.4722222222222223;4.905555555555556;true;0
saffron-0596;-0.35505;6.15022;0.22063;1.0222222222222224;;;2.8444444444444446;5.1000000000000005;true;0
saffron-0597;-1.01092;6.11250;-0.08706;0.9611111111111111;;;2.477777777777778;5.15;true;0
saffron-0598;-0.97025;6.49776;-0.04755;1.5666666666666667;;;3.1055555555555556;5.316666666666666;true;0
saffron-0599;-0.80371;5.98437;0.22135;0.5444444444444445;;2.861111111111111;2.4555555555555557;3.6944444444444446;true;0
saffron-0600;-0.74724;6.54448;-0.15306;1.5444444444444445;;;3.261111111111111;5.3388888888888895;true;0
saffron-0601;-0.32079;6.17412;-0.16128;0.9611111111111111;;;2.6277777777777778;4.844444444444445;true;0
saffron-0602;-0.70191;6.35678;0.19710;1.261111111111111;;;3.022222222222222;5.294444444444444;true;0
saffron-0603;-0.95203;6.11691;-0.24322;0.788888888888889;;;2.338888888888889;5.044444444444444;true;0
saffron-0604;-1.06419;6.43852;0.02481;1.4555555555555557;;;3.0277777777777777;5.933333333333334;true;0
saffron-0605;-0.44479;5.87875;-0.23039;0.6166666666666667;;;2.316666666666667;4.727777777777778;true;0
saffron-0606;-0.83407;6.38979;-0.17095;1.4833333333333334;;;3.138888888888889;5.827777777777778;true;0
saffron-0607;-0.22318;6.12112;0.11442;0.6555555555555556;;;2.2055555555555557;4.622222222222223;true;0
saffron-0608;-0.46791;5.92137;-0.12928;0.8388888888888889;;;2.8777777777777778;4.933333333333334;true;0
saffron-0609;-0.68912;6.06253;0.28843;0.5055555555555555;;2.816666666666667;2.077777777777778;3.5833333333333335;true;0
saffron-0610;-0.63689;5.99279;0.09648;0.8555555555555556;;;2.7666666666666666;4.9;true;0
saffron-0611;-1.12074;6.18270;-0.03164;1.1333333333333333;;;2.5166666666666666;5.483333333333333;true;0
saffron-0612;-0.42907;6.06413;-0.10065;0.9333333333333333;;;2.8222222222222224;4.888888888888889;true;0
saffron-0613;-0.59252;6.34055;0.05788;1.3111111111111111;;;3.2944444444444447;5;true;0
saffron-0614;-0.94308;6.27858;-0.28581;0.9444444444444445;;5.438888888888889;2.566666666666667;5.644444444444445;true;0
saffron-0615;-0.72208;6.03827;0.09991;0.7000000000000001;;;2.588888888888889;4.9222222222222225;true;0
saffron-0616;-0.62448;6.17790;-0.17975;1.0944444444444446;;;2.9555555555555557;4.911111111111111;true;0
saffron-0617;-0.52632;6.27959;-0.24209;0.9722222222222222;;;2.538888888888889;5.227777777777778;true;0
saffron-0618;-0.20629;6.26291;0.08662;0.9111111111111111;;;2.4944444444444445;4.75;true;0
saffron-0619;-0.83547;6.07492;-0.12256;0.788888888888889;;;2.477777777777778;5.116666666666667;true;0
saffron-0620;-0.38828;6.10569;-0.26803;0.8277777777777778;;;2.666666666666667;5.044444444444444;true;0
saffron-0621;-0.72114;6.42759;0.22385;1.3555555555555556;;;2.977777777777778;5.733333333333333;true;0
saffron-0622;-0.71841;5.94031;-0.05498;0.6611111111111111;;;2.477777777777778;4.761111111111111;true;0
saffron-0623;-0.70480;6.08401;0.10307;0.8666666666666667;;;2.588888888888889;4.977777777777778;true;0
saffron-0624;-0.48534;6.06937;-0.06308;0.9277777777777778;;;2.927777777777778;4.877777777777778;true;0
saffron-0625;-0.66109;6.25608;-0.23753;1.027777777777778;;;2.8444444444444446;5.738888888888889;true;0
saffron-0626;-0.76147;6.38219;-0.06996;1.45;;;3.338888888888889;4.9944444444444445;true;0
saffron-0627;-0.69274;6.48836;0.24160;1.1277777777777778;;4.877777777777778;2.677777777777778;5.311111111111111;true;0
saffron-0628;-0.94472;6.27082;-0.13245;1.1777777777777778;;;2.916666666666667;5.405555555555556;true;0
saffron-0629;-0.66108;6.67874;0.16928;1.5666666666666667;;;3.177777777777778;6.055555555555555;true;0
saffron-0630;-0.39879;5.88402;0.07304;0.6111111111111112;;;2.4555555555555557;4.733333333333333;true;0
saffron-0631;-0.26699;6.33469;-0.06305;1.027777777777778;;;2.5611111111111113;4.966666666666667;true;0
saffron-0632;-0.84907;6.02709;-0.11871;0.8055555555555556;;;2.488888888888889;4.811111111111111;true;0
saffron-0633;-0.16698;6.11016;0.20015;0.6055555555555556;;2.888888888888889;2.25;4.1722222222222225;true;0
saffron-0634;-1.03205;6.37516;-0.00664;1.3888888888888888;;;2.9611111111111112;5.9;true;0
saffron-0635;-0.75666;6.54851;-0.12051;1.6111111111111112;;;3.5722222222222224;5.0055555555555555;true;0
saffron-0636;-0.51899;6.37444;0.15977;1.3555555555555556;;;3.088888888888889;5.288888888888889;true;0
saffron-0637;-0.28894;6.34011;-0.00636;1.1;;;2.8333333333333335;4.861111111111112;true;0
saffron-0638;-1.09140;6.30545;0.12309;1.2222222222222223;;;2.761111111111111;5.3388888888888895;true;0
saffron-0639;-0.65543;5.75230;-0.23471;0.5111111111111112;;3.188888888888889;2.0277777777777777;3.8222222222222224;true;0
saffron-0640;-0.93321;6.00847;-0.05774;0.6833333333333333;;;2.2944444444444447;5.3388888888888895;true;0
saffron-0641;-0.80312;5.95916;0.22520;0.6777777777777778;;;2.65;5.155555555555556;true;0
saffron-0642;-0.76247;6.40379;-0.03149;1.488888888888889;;;3.3722222222222222;5.027777777777778;true;0
saffron-0643;-0.21550;6.14687;0.26312;0.7388888888888889;;;2.4;4.9;true;0
saffron-0644;-0.69810;6.66833;0.22169;1.3666666666666667;;;2.838888888888889;5.683333333333334;true;0
saffron-0645;-0.68130;6.26174;-0.22269;1.1833333333333333;;;2.8666666666666667;5.177777777777778;true;0
saffron-0646;-0.88039;6.26271;-0.04463;1.2055555555555555;;;2.9;5.305555555555555;true;0
saffron-0647;-0.74849;6.35291;-0.21285;1.2166666666666668;;;3.1;5.15;true;0
saffron-0648;-0.63757;6.30917;-0.05980;1.2222222222222223;;;3.2111111111111112;4.95;true;0
saffron-0649;-0.49318;5.90594;0.27045;0.6444444444444445;;4.605555555555556;2.5166666666666666;5.5;true;0
saffron-0650;-0.78844;6.21544;0.24360;0.9555555555555556;;;2.716666666666667;5.105555555555556;true;0
saffron-0651;-0.54046;6.07812;0.19216;0.9666666666666667;;;2.8444444444444446;5.072222222222223;true;0
saffron-0652;-0.74274;6.24081;0.19694;1.0611111111111111;;;2.9;5.222222222222222;true;0
saffron-0653;-0.58209;5.98733;0.24974;0.7055555555555556;;4.283333333333333;2.5500000000000003;4.816666666666666;true;0
saffron-0654;-0.69867;5.91564;0.06926;0.6;;3.8333333333333335;2.3722222222222222;4.8388888888888895;true;0
saffron-0655;-0.84337;5.94802;-0.09100;0.5555555555555556;;4.072222222222222;2.0722222222222224;4.722222222222222;true;0
saffron-0656;-0.56730;6.48436;0.02344;1.3777777777777778;;;3.338888888888889;5.133333333333334;true;0
saffron-0657;-0.37553;5.98673;-0.20583;0.7111111111111111;;;2.3444444444444446;4.872222222222223;true;0
saffron-0658;-0.47008;6.01222;0.18432;0.8777777777777778;;;2.9;5.133333333333334;true;0
saffron-0659;-0.66825;6.51121;0.10188;1.5833333333333335;;;3.3666666666666667;5.077777777777778;true;0
saffron-0660;-0.87263;6.45159;-0.05194;1.4555555555555557;;;3.316666666666667;5.433333333333334;true;0
saffron-0661;-1.13004;6.32995;0.11380;1.5222222222222224;;;3.022222222222222;6.105555555555556;true;0
saffron-0662;-0.27507;6.07306;-0.10645;0.788888888888889;;;2.5722222222222224;4.75;true;0
saffron-0663;-1.18088;6.25807;-0.24120;1.588888888888889;;;3.2111111111111112;6.833333333333334;true;0
saffron-0664;-0.77388;6.05332;0.17167;0.788888888888889;;;2.6055555555555556;5.055555555555555;true;0
saffron-0665;-0.32758;6.27096;0.22976;0.9833333333333334;;;2.7055555555555557;5.077777777777778;true;0
saffron-0666;-0.23447;6.02344;0.04034;0.638888888888889;;4.105555555555556;2.2333333333333334;4.644444444444445;true;0
saffron-0667;-0.46391;6.47953;-0.23217;1.1166666666666667;;4.5888888888888895;2.6222222222222222;5.705555555555556;true;0
saffron-0668;-1.07425;6.30447;-0.08299;1.2555555555555555;;;2.827777777777778;5.261111111111111;true;0
saffron-0669;-0.86680;6.19523;-0.07038;1.1166666666666667;;;2.9944444444444445;5.361111111111112;true;0
saffron-0670;-0.74126;6.03604;-0.26120;0.6944444444444444;;;2.3833333333333333;4.7;true;0
saffron-0671;-1.04029;6.18186;-0.11675;0.9888888888888889;;;2.5166666666666666;5.066666666666666;true;0
saffron-0672;-0.85534;5.97837;-0.15197;0.6666666666666667;;;2.3777777777777778;4.916666666666667;true;0
saffron-0673;-1.00244;6.15791;-0.26006;0.9722222222222222;;;2.7111111111111112;5.127777777777778;true;0
saffron-0674;-0.32310;6.24811;-0.01464;1;;;2.9;4.9;true;0
saffron-0675;-0.65811;5.99852;-0.20390;0.5722222222222223;;;2.3333333333333335;4.888888888888889;true;0
saffron-0676;-0.71029;5.89295;-0.12851;0.5166666666666667;;4.083333333333334;2.2;4.933333333333334;true;0
saffron-0677;-0.41223;6.16873;-0.25261;0.9555555555555556;;;2.5722222222222224;5.305555555555555;true;0
saffron-0678;-0.70529;5.86107;-0.20955;0.7777777777777778;;;2.65;4.822222222222222;true;0
saffron-0679;-0.31380;6.21853;-0.16217;1.011111111111111;;;2.6944444444444446;5.25;true;0
saffron-0680;-0.67301;6.31293;0.01855;1.3666666666666667;;;3.338888888888889;4.916666666666667;true;0
saffron-0681;-0.72154;6.72560;-0.15726;1.6500000000000001;;5.205555555555556;3.1333333333333333;5.866666666666667;true;0
saffron-0682;-0.75601;6.13183;-0.27612;0.788888888888889;;;2.3333333333333335;4.877777777777778;true;0
saffron-0683;-0.44045;5.98505;0.17025;0.8111111111111111;;;2.5500000000000003;4.888888888888889;true;0
saffron-0684;-0.63363;6.46245;-0.25404;1.3222222222222222;;;2.95;5.788888888888889;true;0
saffron-0685;-0.69150;6.58713;-0.08453;1.6055555555555556;;;3.238888888888889;5.038888888888889;true;0
saffron-0686;-0.68203;6.44706;-0.17472;1.3444444444444446;;;3.1333333333333333;5.116666666666667;true;0
saffron-0687;-0.13974;6.13702;0.26825;0.5722222222222223;;2.261111111111111;2.927777777777778;2.9611111111111112;true;0
saffron-0688;-0.59063;6.26868;-0.06263;1.238888888888889;;;3.0944444444444446;4.905555555555556;true;0
saffron-0689;-0.46547;6.21028;0.03692;1.1388888888888888;;;2.9555555555555557;4.944444444444445;true;0
saffron-0690;-0.78050;6.52304;-0.11394;1.638888888888889;;;3.527777777777778;5.05;true;0
saffron-0691;-0.59432;6.56377;-0.23100;1.3;;;2.8222222222222224;6.022222222222222;true;0
saffron-0692;-0.12563;6.16764;0.17829;0.6166666666666667;;3.6277777777777778;2.2055555555555557;4.277777777777778;true;0
saffron-0693;-0.35352;6.38184;0.26187;1.2;;5.283333333333333;2.7666666666666666;5.933333333333334;true;0
saffron-0694;-0.74071;6.26817;-0.01720;1.25;;;3.1611111111111114;4.927777777777778;true;0
saffron-0695;-0.91750;6.15320;0.26916;0.8277777777777778;;3.6166666666666667;2.577777777777778;4.811111111111111;true;0
saffron-0696;-0.84827;6.05953;-0.25776;0.7222222222222222;;;2.427777777777778;4.544444444444444;true;0
saffron-0697;-0.48508;6.17230;0.18857;1.05;;;2.9944444444444445;5.183333333333334;true;0
saffron-0698;-0.71607;6.02097;0.08081;0.75;;;2.4444444444444446;4.872222222222223;true;0
saffron-0699;-1.09901;6.34544;-0.10768;1.2833333333333334;;;2.861111111111111;6.472222222222222;true;0
saffron-0700;-0.89801;6.32470;0.10078;1.3444444444444446;;;3.238888888888889;5.461111111111111;true;0
saffron-0701;-0.25320;6.04868;0.16320;0.7111111111111111;;;2.538888888888889;5.272222222222222;true;0
saffron-0702;-0.45305;6.39957;0.02071;1.3277777777777777;;;3.272222222222222;5.044444444444444;true;0
saffron-0703;-0.64678;6.46906;-0.17741;1.277777777777778;;;3.1333333333333333;5.127777777777778;true;0
saffron-0704;-0.33930;6.23592;0.26576;1.1111111111111112;;;2.8833333333333333;4.916666666666667;true;0
saffron-0705;-0.56675;6.32140;0.06291;1.3;;;3.305555555555556;5.077777777777778;true;0
saffron-0706;-0.76109;6.68775;-0.27534;1.3111111111111111;;5.094444444444445;2.8222222222222224;6.05;true;0
saffron-0707;-0.97237;6.46666;0.10453;1.55;;;3.1333333333333333;6.166666666666667;true;0
saffron-0708;-0.17934;6.07889;0.07119;0.5555555555555556;;2.2222222222222223;2.227777777777778;3.7;true;0
saffron-0709;-0.52456;6.34682;0.24486;1.1555555555555557;;;2.7555555555555555;5.555555555555555;true;0
saffron-0710;-0.51408;5.81922;0.09166;0.5777777777777778;;;2.3111111111111113;4.711111111111111;true;0
saffron-0711;-0.76349;6.27088;0.26908;0.9166666666666667;;;2.6833333333333336;5.322222222222223;true;0
saffron-0712;-0.64607;5.85586;-0.01323;0.5555555555555556;;;2.327777777777778;4.977777777777778;true;0
saffron-0713;-0.43337;5.91638;-0.17776;0.8722222222222222;;;2.7111111111111112;4.944444444444445;true;0
saffron-0714;-0.65833;6.09251;0.13519;1.0166666666666666;;;2.8666666666666667;5.072222222222223;true;0
saffron-0715;-0.21441;6.13272;-0.16332;0.7444444444444445;;;2.411111111111111;4.883333333333334;true;0
saffron-0716;-0.77082;6.41474;0.00587;1.3944444444444446;;;3.288888888888889;5.077777777777778;true;0
saffron-0717;-0.47688;6.29555;-0.03438;1.2111111111111112;;;3.1055555555555556;4.944444444444445;true;0
saffron-0718;-0.65236;6.24504;0.12090;1.2333333333333334;;;3.066666666666667;4.9944444444444445;true;0
saffron-0719;-0.19762;6.09489;-0.15949;0.7444444444444445;;;2.4833333333333334;4.727777777777778;true;0
saffron-0720;-0.79366;6.32221;-0.03049;1.4111111111111112;;;3.3111111111111113;5.1000000000000005;true;0
saffron-0721;-0.51374;5.73789;-0.15268;0.49444444444444446;;;2.1333333333333333;4.544444444444444;true;0
saffron-0722;-0.35795;6.34250;-0.21680;1.0722222222222222;;;2.6944444444444446;5.05;true;0
saffron-0723;-0.80860;6.15909;-0.25692;1.088888888888889;;;2.8444444444444446;5.133333333333334;true;0
saffron-0724;-0.72525;5.88505;0.25300;0.4777777777777778;;2;2.077777777777778;2.927777777777778;true;0
saffron-0725;-0.80841;6.57514;-0.17422;1.6277777777777778;;;3.2;5.583333333333334;true;0
saffron-0726;-0.86860;6.50274;0.06980;1.527777777777778;;;3.2055555555555557;5.622222222222223;true;0
saffron-0727;-0.82653;6.57753;0.08308;1.6444444444444446;;;3.405555555555556;5.883333333333334;true;0
saffron-0728;-0.60985;6.56502;-0.20674;1.3944444444444446;;5.583333333333334;2.8833333333333333;6.161111111111111;true;0
saffron-0729;-0.95693;6.41305;-0.04003;1.4222222222222223;;;3.0722222222222224;5.227777777777778;true;0
saffron-0730;-0.59648;5.71019;-0.12337;0.48888888888888893;;;2.2555555555555555;4.516666666666667;true;0
saffron-0731;-0.27983;6.33297;0.22238;1.1555555555555557;;;2.6444444444444444;4.783333333333333;true;0
saffron-0732;-0.58046;6.49162;0.08148;1.488888888888889;;;3.305555555555556;5.238888888888889;true;0
saffron-0733;-0.62169;6.01063;0.20719;0.9444444444444445;;;2.8333333333333335;5.083333333333334;true;0
saffron-0734;-0.49175;6.30508;-0.02224;1.1666666666666667;;;3.1333333333333333;5.111111111111112;true;0
saffron-0735;-0.54290;6.18715;0.02757;1.0833333333333335;;;3;5.077777777777778;true;0
saffron-0736;-0.67247;6.64556;-0.23132;1.338888888888889;;;2.9722222222222223;6.211111111111111;true;0
saffron-0737;-0.81180;6.23588;0.11215;1.088888888888889;;;2.888888888888889;5.133333333333334;true;0
saffron-0738;-0.79839;6.50895;0.21514;1.4111111111111112;;;3.138888888888889;5.611111111111112;true;0
saffron-0739;-1.09977;6.18821;-0.22964;1.027777777777778;;;2.688888888888889;5.411111111111111;true;0
saffron-0740;-0.77043;6.71682;-0.16557;1.7055555555555557;;;3.2222222222222223;6.522222222222222;true;0
saffron-0741;-0.75902;6.10977;0.20010;0.8333333333333334;;;2.6555555555555554;5.0888888888888895;true;0
saffron-0742;-0.74003;6.25559;0.24056;0.8833333333333334;;;2.65;5.4944444444444445;true;0
saffron-0743;-1.09929;6.19896;0.23277;1.261111111111111;;;2.8000000000000003;5.8388888888888895;true;0
saffron-0744;-0.30491;6.29295;0.25619;1.1277777777777778;;;2.7666666666666666;5.283333333333333;true;0
saffron-0745;-0.61056;5.79678;0.03415;0.5055555555555555;;;2.288888888888889;4.711111111111111;true;0
saffron-0746;-0.37899;6.17924;-0.25996;0.9777777777777779;;;2.666666666666667;5.5;true;0
saffron-0747;-0.39259;5.91041;-0.03470;0.7277777777777779;;;2.533333333333333;4.766666666666667;true;0
saffron-0748;-0.37961;5.89658;0.05641;0.6611111111111111;;;2.4944444444444445;4.772222222222222;true;0
saffron-0749;-0.25292;6.24902;0.10932;0.9833333333333334;;;2.7055555555555557;4.811111111111111;true;0
saffron-0750;-0.29741;6.01703;0.05623;0.65;;;2.288888888888889;4.655555555555556;true;0
saffron-0751;-0.50706;5.94631;0.02466;0.7944444444444445;;;2.677777777777778;4.7555555555555555;true;0
saffron-0752;-0.89830;6.39532;0.03936;1.3555555555555556;;;3.111111111111111;5.5055555555555555;true;0
saffron-0753;-0.88375;6.16042;0.18925;0.8388888888888889;;;2.65;5.094444444444445;true;0
saffron-0754;-0.52922;6.55117;-0.16706;1.511111111111111;;5.666666666666667;2.9555555555555557;5.8;true;0
saffron-0755;-0.75956;6.48807;-0.22538;1.2833333333333334;;;3.15;5.333333333333334;true;0
saffron-0756;-0.33552;5.94594;-0.09355;0.638888888888889;;;2.5;4.783333333333333;true;0
saffron-0757;-0.74709;6.41738;-0.04706;1.5;;;3.3555555555555556;5.038888888888889;true;0
saffron-0758;-1.18412;6.23441;0.07150;1.5833333333333335;;;3.1833333333333336;6.583333333333334;true;0
saffron-0759;-0.86357;6.05620;0.27173;0.6888888888888889;;;2.4833333333333334;4.877777777777778;true;0
saffron-0760;-0.57478;5.88442;0.23466;0.6777777777777778;;;2.65;5.155555555555556;true;0
saffron-0761;-0.93521;6.28091;0.14643;1.0777777777777777;;;2.888888888888889;5.661111111111111;true;0
saffron-0762;-0.47916;6.40256;-0.11161;1.2666666666666666;;;3.1055555555555556;5.111111111111112;true;0
saffron-0763;-0.73413;6.60317;-0.25099;1.3277777777777777;;;3.1333333333333333;5.455555555555556;true;0
saffron-0764;-0.85431;6.58806;0.09487;1.638888888888889;;;3.2944444444444447;5.9944444444444445;true;0
saffron-0765;-0.56086;6.00018;0.18923;0.7000000000000001;;;2.4944444444444445;4.777777777777778;true;0
saffron-0766;-0.78170;6.73239;0.25248;1.511111111111111;;;3.1722222222222225;6.383333333333334;true;0
saffron-0767;-0.36331;6.20113;-0.19496;1.038888888888889;;;2.7055555555555557;5.05;true;0
saffron-0768;-0.98815;6.34093;-0.10577;1.3888888888888888;;5.883333333333334;2.861111111111111;5.972222222222222;true;0
saffron-0769;-0.65230;6.44413;-0.19200;1.2111111111111112;;;2.9833333333333334;5.272222222222222;true;0
saffron-0770;-1.05508;6.46385;0.04675;1.5666666666666667;;;3.1833333333333336;6.183333333333334;true;0
saffron-0771;-0.76467;6.12919;0.01449;1.0444444444444445;;;2.9555555555555557;4.977777777777778;true;0
saffron-0772;-0.73418;6.08450;-0.12587;0.8666666666666667;;;2.772222222222222;5.0888888888888895;true;0
saffron-0773;-0.28681;5.95280;-0.00703;0.5055555555555555;;4.144444444444445;2.2777777777777777;4.638888888888889;true;0
saffron-0774;-1.00461;6.46297;-0.14392;1.5944444444444446;;;3.3555555555555556;5.955555555555556;true;0
saffron-0775;-0.40101;5.97445;0.25746;0.5388888888888889;0.8055555555555556;2.4;;3.566666666666667;true;0
saffron-0776;-0.85614;6.32507;-0.02110;1.3277777777777777;;;2.966666666666667;5.133333333333334;true;0
saffron-0777;-1.02237;6.21138;-0.06777;1.0222222222222224;;;2.477777777777778;5.272222222222222;true;0
saffron-0778;-0.76418;6.17621;-0.28288;0.7722222222222223;;3.9000000000000004;2.2666666666666666;4.872222222222223;true;0
saffron-0779;-0.23213;6.27920;-0.26235;0.8;;;2.4555555555555557;4.983333333333333;true;0
saffron-0780;-0.83278;6.24857;-0.08498;1.2333333333333334;;;2.9555555555555557;4.983333333333333;true;0
saffron-0781;-0.38219;6.04787;0.03829;0.9777777777777779;;;2.927777777777778;4.961111111111111;true;0
saffron-0782;-0.84295;6.55084;-0.14098;1.5722222222222222;;;3.388888888888889;5.694444444444445;true;0
saffron-0783;-0.75672;6.75405;-0.00548;1.7222222222222223;;;3.511111111111111;5.833333333333334;true;0
saffron-0784;-0.18808;6.16264;0.22411;0.7166666666666667;;;2.3944444444444444;4.894444444444445;true;0
saffron-0785;-0.63451;6.05062;0.26810;0.8833333333333334;;;2.7444444444444445;5.2444444444444445;true;0
saffron-0786;-0.48640;6.38866;-0.22273;1.1666666666666667;;;2.9444444444444446;5.016666666666667;true;0
saffron-0787;-0.68382;6.04875;0.01520;0.8666666666666667;;;2.7666666666666666;5.066666666666666;true;0
saffron-0788;-0.76692;6.75146;-0.04308;1.7555555555555555;;;3.488888888888889;5.833333333333334;true;0
saffron-0789;-0.64022;6.35403;-0.06054;1.3944444444444446;;;3.3333333333333335;5.083333333333334;true;0
saffron-0790;-0.71009;6.31246;0.11737;1.25;;;3.1444444444444444;5.166666666666667;true;0
saffron-0791;-0.96640;6.20582;-0.04580;1.1055555555555556;;;2.8222222222222224;5.011111111111111;true;0
saffron-0792;-0.31473;6.19023;-0.27458;0.9555555555555556;;;2.688888888888889;5.583333333333334;true;0
saffron-0793;-0.12374;6.15829;-0.11617;0.5722222222222223;;2.238888888888889;2.2111111111111112;3.138888888888889;true;0
saffron-0794;-0.89189;6.27098;0.03718;1.1777777777777778;;;2.988888888888889;5.333333333333334;true;0
saffron-0795;-0.42817;5.81840;-0.18013;0.6166666666666667;;3.9555555555555557;2.2111111111111112;4.7444444444444445;true;0
saffron-0796;-0.90428;6.49937;0.15887;1.6;;;3.2944444444444447;5.861111111111112;true;0
saffron-0797;-0.66861;6.34783;0.24405;1.0333333333333334;;3.8000000000000003;2.6277777777777778;5.277777777777778;true;0
saffron-0798;-0.18061;6.18281;-0.23886;0.75;;;2.3111111111111113;4.6722222222222225;true;0
saffron-0799;-0.71223;6.13880;0.09295;1.0333333333333334;;;2.927777777777778;5.027777777777778;true;0
saffron-0800;-0.87237;6.11734;0.06234;0.7555555555555555;;3.75;2.45;4.772222222222222;true;0